1951302260
1221621322
1745030135
1295944679
1121983810
990451303
683981296
271507684
1526102485
1468640743
819567307
1563065275
1883183028
609631727
199408547
608788740
171587379
852798959
1135278148
1508731289
1949736471
1884908737
1327599273
4245342
1372311778
442286204
1066799926
348777155
1528599434
1948933863
403285934
1809180677
88965591
1658150134
2103382530
2020189302
355654466
866972177
86051535
1092511850
686537607
1513287969
1841002136
1777913893
2060900483
105481551
1675828315
2107726894
857835203
1077851224
2145602756
715156068
11909778
599791183
344050760
580647942
1482706790
1930162647
1674778750
1873561619
844915807
658697728
183744079
975160048
1466785137
1376377397
808127298
2040054552
826164945
2130801708
978203110
362845243
1939416518
1217388592
1334190717
421951880
1786881415
1392509159
1912686458
400103205
2040277588
2136479972
680889747
2071053271
451854318
1374402907
1987525446
938810162
852373279
720299299
685391799
1899830534
657226918
17455275
2142844745
1212073636
386699144
246762579
1373306210
413072391
1821624125
378058280
159215075
1720825535
1496430840
1277246654
739433746
461879183
922539885
387021720
109494659
729440486
1513421768
152256749
914400985
1318012093
449426500
1685277968
1214271588
347733860
676254962
470006731
1857612881
10188872
1070732687
674548869
782993813
1742231263
429600881
482664970
806632287
1120355348
2038874336
1218963055
500276316
938402990
1947303529
12491355
212659668
632259551
169250972
1412804415
1569459213
7460696
1934581067
1450717475
233242370
2030253290
1724732394
173671011
1100865732
1085809891
390663161
978770270
2111485016
215161784
452257069
445765432
1577124732
946423308
380083564
966163269
1421815817
725891954
1935806866
1430711072
2001317773
1413208872
218377672
1699937311
724524789
2027386465
1177214708
295365670
881563211
974065933
1901433194
882743271
1932216874
1108216831
1727771648
1256423496
829598939
1570634951
259724836
644548623
1773202948
155181341
474248261
408372243
878435488
1446469473
578924382
427829008
875293636
45639069
1471280573
907058458
1159361890
1271854672
53254300
227545999
297079998
1113847471
1596761019
1534252573
366317005
690675690
1876660009
618674968
2000861
810488355
174661786
1834159362
784947947
1143219420
935826374
2085874858
1751869937
935836137
1357735234
2143552372
522581160
1307618513
1766450845
1618550098
505383806
1955137309
536203429
247104411
773862337
276649475
362622887
636557098
1219102795
925562838
1147952140
1939424707
1839251016
1077796813
1979333488
887682568
743186593
1911119558
1376003202
668126743
249644524
1744990840
105021442
1207519961
501543295
395213143
1277055235
578107396
599201631
654323475
1308287964
963333786
1204215031
1761276343
561965849
1200857641
1641401401
524479071
1711589493
1255772264
355421465
32235825
635403769
617851073
1516781379
983844802
1471733496
321511986
1501442111
603957899
896405077
1549215366
1884040838
2069225268
1162814713
691968112
1368270673
462592776
43105134
1798448612
695129849
1915876651
2094627795
1518591385
1578887623
195470054
385449500
936968318
485813201
1979271212
2118139417
2022573988
573814860
558573921
414211869
694315384
763721927
772951647
54801875
1531647100
2010203760
594398681
519797012
1770466223
1900660406
1632155608
1210239339
2039335820
1286579112
1572434061
1935681471
1717639849
1638275146
2078999787
772739505
1865094226
461904363
930860596
60875196
2131031908
1423608216
1776552461
1687982551
897246932
1384221341
1176313424
1605346551
18628362
1511889074
885835984
50645990
2035150410
2022988374
502272648
1588955913
409814986
10307553
2006038397
445141547
1964445849
2093471039
1561328944
1470667881
212416440
743580142
1979226814
1605624023
2116063399
24983522
1703682521
697424429
1657076879
1494530163
208914854
79071904
1047346732
702642178
1687947024
519902114
1625282174
1646329939
66428694
246096318
555618762
1667510258
1066064005
621918847
1478090873
637579670
739946354
1920375415
735548164
1627325533
773085131
1658886416
137544467
937875308
1128125848
911967229
433721502
1157041853
1989489342
313661504
1700055865
1457587107
978855072
2005224622
1869258352
1129309556
168645618
13638122
649968250
957921827
250024598
423686561
1586910894
742800910
549186073
1129566835
1801216349
1580782968
1238025196
965478198
102185815
636106995
1655721522
1839669381
2024528915
1206696983
1331857374
2125202754
48291259
208877514
2125156922
1042017298
297192835
1235219433
1789272956
25268510
339730997
1686521061
684618610
499196745
784508450
674745835
142880328
441113229
1559914334
1649992689
506296638
1982444676
1990456332
45432371
1710893590
1093070532
1846934303
291250696
1167658573
103675346
1917052319
494492313
272751146
772457362
994032251
1851359317
2066077176
309035431
1979880895
636954631
1069207174
982471831
1507640436
953825027
1399232594
1881600072
146979992
1837161298
2050249696
1194325971
1487099371
1370471246
875397413
637261470
781112338
402317716
1222231525
1986688722
46042221
1325890457
1787154054
1548578668
818290594
2113694427
245413008
1419752692
1115111034
405565454
283447504
1570961822
1564313982
641526194
935911120
1547614821
754775371
233543711
874159717
1623836087
1649137523
1847304032
2074400690
403715951
37761270
1655691400
1201842018
1098506951
2139988911
1869010470
1446078360
154861542
1773486106
182170379
510113373
130191306
763927509
845841367
1721481574
1725244392
393966814
1021608195
701173381
140566577
992482698
820346406
1688396764
1859011911
1812566770
1600425756
1040986095
500644457
145997733
1158941869
98272840
341932067
29826720
842775193
2140142706
1920219372
1703893812
1112017594
1147872544
1005477258
1039152949
1310026614
1521522892
2139935977
1422696704
721238910
355475151
370725767
857557725
735718468
1625221067
415287724
611778432
1635598822
1747494067
681551940
331527616
48170468
1105970223
1995573886
1578264
1124257817
564377730
931139263
182673833
812738202
624235725
562272703
1146323070
14058878
1248804640
1004966076
996876900
1812906035
666509146
1809470857
1673586571
1762275351
1477831088
1818059466
434482981
1595819194
880068542
1057211764
639088393
669485325
256626853
61224082
1227979630
153761413
1010450076
23470309
965769191
152629025
1436671871
560490414
610703153
83914656
1545736775
1889919048
670421292
553799490
815858275
775825393
187199813
33456282
62097777
1791112752
1960782998
317975116
167788840
1450064620
569708019
1387098856
1947957262
1122418990
735319666
722097873
317188181
1202103111
1273595056
1521480995
1227640741
1305751378
111917901
1610288456
763214625
298483990
576916414
1607413181
1340142886
1587006656
2032716107
325861164
162689507
809070157
1550908476
1048031010
1993844181
71795625
1628710661
12396865
1343769033
1291649714
1024009642
553782376
650720652
2007017695
489701731
416760521
644404794
488911761
532523567
1240551135
885857952
168236379
801112086
165618862
1783752957
1920325937
1016608216
1152143246
1569765386
1127770167
1062878598
558284818
1352628147
644620950
142769271
939022104
484321006
1756252442
1682854403
1880309941
537372250
1113542480
1624799345
1461560258
572975182
1360708067
1141178648
98585533
479679327
588366604
402434223
1699790870
247594546
103157144
1599557065
1953425238
2014964557
1814495078
43039041
1839033655
2042093716
1326386538
289275313
1351500269
1134966831
679923478
548592862
691894467
138013906
514943765
617776415
100297926
1739405772
1778898484
240826390
1635965385
1957914442
1481510048
1418795847
1936796277
1194747497
32787259
1085416477
1846009257
672318343
1704310417
519754712
2080484389
1363634361
922079187
1697179605
986463879
109881749
1750790353
1259161057
687034625
1395365706
496692770
935590343
1423261252
474963802
1665929858
489118122
1588939360
2105782318
900313629
283975061
522732154
58251838
253104651
533286077
1345199117
42773556
1071305507
718768229
970054682
650813915
1201706217
1338454391
1909097405
1722898979
150666861
1898939834
55973163
148278074
592490797
298524327
1639680008
1864127704
308871241
2137243690
221573767
1171761368
1637547513
1092440710
1373306190
912412105
985931257
956658056
951023804
1563808570
2109470552
1415190379
1667179477
1790715100
1257098223
318012928
532043306
1791073776
1014889390
1047454766
1571160042
82754151
15327835
161608152
1746589328
1754729461
128946793
576948932
325377773
382442889
1746368242
277916474
1912511880
1539601743
1791697379
948095234
2131141883
756080869
2112399308
987277988
1724483837
1135702231
1031005283
1252216201
1204115316
953389916
1789597425
330503074
1352092739
1179763458
1035471103
845654703
360771129
814384173
1038109335
175713373
448253489
1103720595
200391290
1294009189
1002450601
451812355
214540066
1323690750
312765460
1875899992
1334449956
318699405
1678153986
1514101679
1875916868
184014990
1375620966
1046883082
1935323951
732727117
1141559250
529491410
1506484625
1057743077
531531872
1240497304
1838401916
1612543810
681546295
1123696919
136979095
818938038
1237623278
1350147806
1673857312
53033891
1587410839
275595358
247729713
745577745
103095493
196286087
498839501
607985933
982055558
1905726100
281016617
115533332
761062835
336092192
374022441
478907109
1392628092
1117423588
794707744
1153589978
1101511403
1290683185
1185557763
1070613653
473695227
1206225235
2032077251
882865501
292321710
2107526151
308849546
1054114399
2014360236
614799206
554101350
628042326
1198138072
1661656446
351482391
372623613
1193118453
996348493
1845861102
362736970
1351538176
132503726
1222190790
1889336887
608974136
1676099433
865413044
2033744287
1769214934
199709886
477937486
2082634058
1332166014
1309898086
521827124
1953034430
2125208911
310957534
1136985552
2073154681
494065700
687534617
1693546853
1824271166
534221388
1684556036
1855498293
740871514
2089664151
1037359806
1345121608
1947233418
1089237236
313634344
1534805002
266460148
1618887941
1523938349
1369996637
1577827554
1041104239
2115778260
543255578
1098705465
1368883158
2086750419
233116386
48315158
319555245
1035237107
396431406
1817102509
1228442034
1525893433
1655111251
499861944
1168834260
1906189251
1941797269
469102930
1825438327
692772092
1836750770
120039263
744468125
2005028004
246763582
852922861
1053203946
1735366943
1557128344
910408585
744402430
226833241
1757567734
1836577234
1866866334
947006170
612467025
832074657
115935909
152594953
559181753
1908404103
1380204594
805055501
994295487
2015458990
687518481
719792730
90210609
980284986
1904315153
1592075056
446377205
533082679
269347863
806800295
121817329
1068173810
1037900712
1637172541
785782423
264134150
1834244783
242091287
351889571
2003541272
930441041
420665253
2058377307
1844726522
1087360660
1248987778
2051198121
2147061581
91329614
807004701
301831478
431237486
133324625
1932028360
572039823
1251820652
895766625
997639711
1291590984
1000874498
1642675617
639975844
1322112904
2019943990
1122335468
1319898353
1300893154
1313895612
1058439165
57516277
1364073680
1389485561
1476669785
1001919071
937355348
1130608962
634632773
656600944
881205346
843970304
98780535
873400924
429240309
31513782
1593966467
1661983956
1867899377
1839503980
1927995821
217854158
984938743
133405256
2059217318
535008238
604367370
1946166918
1056935202
639061727
1650712056
1523722685
707067204
344052002
213362096
1477859538
1060229111
174518895
2121391221
510744535
1423340827
731765346
1201924562
824687505
559159607
1669278651
1675971065
1553120310
1558990331
169172972
657966786
503615428
565336381
173755255
1564095028
983594269
1123726159
862556348
790039281
988479818
1960518910
274779592
897433166
659680380
920824819
497180469
930504896
2085428994
2043554000
1824075239
2001676974
319473161
1550936677
1093293580
1747217099
1922224874
790671778
1461328057
1856001866
1287103739
488227858
1102121260
652136807
2131553535
1656572207
340029759
553293665
922244721
1117789631
1231974768
1646027753
1655076092
1786674503
835439596
1997119771
2090203003
1226206670
1683731501
1037595892
104667839
10159092
1672893524
2111459447
1160480327
635552876
1784769079
95579091
1373415646
1572105375
4106728
1383101392
1878547561
259277461
1620357437
692951466
1715936225
1426395885
44916017
1444491099
1924366561
1143972610
1767607913
282345431
37914021
74654841
787521887
392800136
1783194966
1395841844
1762121604
151093552
685930588
28464112
213909204
1597606957
1308021346
1517539967
937158006
1321434106
1616963254
1930788963
1832056629
467226831
1793757159
1446066033
1931597053
784001113
2061551351
1342246475
103099070
1760222124
370062429
1588207117
421400986
130500150
1906257639
2043785452
988633955
1709697235
1378967317
1506483413
1489390644
35313960
974262102
808215681
545481310
1902501177
1535741067
1624577258
1790544698
1348178316
1990342517
682264629
1709770531
1601558294
1589612180
347463327
1826713838
938482797
1333694273
302252015
312231592
485209723
1706384833
1711120167
1332802133
1958938680
1112731145
1926043329
525954992
521518800
584544199
112051544
552597199
55111367
1247061480
1540173588
2061944351
2008209932
1009318895
430778453
699853064
2146498064
501628011
1087850696
1611261415
1473008657
1883535982
2018054090
1809222958
724792582
1326765027
1140018987
542198304
616291755
1221366801
427051098
2076072948
821491305
486685539
1479868515
55761210
1624438803
957143357
1174530365
2083977333
1801670327
1852792939
55579875
947193578
1902336592
2110295785
202957500
146858443
1098217853
826014918
1672076658
1404685912
461583642
1631940982
1208106054
1663106098
327559307
2129766385
1559822959
380418297
1420299839
1416078442
1205223965
988530215
1415810959
803773181
1397204569
831652092
2068996388
129538810
527870737
1895774302
1299573199
1650145345
58575753
1522817142
216322107
1081521761
386212480
471209361
1629877726
2132783079
795302563
697280901
486461665
1493598753
88494000
1520215060
1653579668
7060597
1140788242
1939575275
322643528
45106718
609751708
416308176
41548739
1669482243
136683482
1966082975
437338095
1852498916
1303687901
1539447356
53664538
1208453712
1391929789
1725925616
684104851
1550542557
2029320206
1951655469
546994507
695470044
598791473
1737579176
935417599
1236448060
409109745
1684779648
774816636
1457923060
2088536192
764626577
1425256825
1127362738
2111126543
828097933
614079869
1561242531
2097539474
488950769
1824573989
1257067538
788975224
1968629706
1421613039
1593042934
820725961
1481994464
618871479
495716375
271221896
1930341803
974635978
1147419648
425856441
614219319
822660777
809730993
1507114213
844083924
599280937
649382305
747663984
1932134531
418227006
1442535858
1348950999
1903564798
901667700
1412787237
1999232989
491891786
181521768
323924762
2106817730
221290808
2118234903
362918661
592134368
13780751
1858042873
672022086
1606582727
565355947
404587374
970370442
134639279
114721244
942317829
1970142497
709117586
184655581
1193944408
1423583071
327370576
1401329056
1479724329
843862590
344316479
1987030498
1305841848
207468925
751210304
886063588
1144046419
606496110
396671118
950189324
1641139500
2001501943
826059451
381981205
2000108168
1494212722
2128724915
1690354716
44779734
1239690300
1139936550
1590617161
475982895
1889851717
850461308
1375728089
411772088
69230521
2118152384
1725402411
1603002788
1427145600
585764784
155853366
265049472
435423159
619210627
996647767
1357177603
28301187
369129768
504040851
324021107
844373763
807279233
2087520197
257707553
1262464532
892296401
1457141989
1605481343
1755789681
1033333673
1943489432
1929102010
142110735
957118374
25828806
291360776
210118104
1186061722
1327425266
813152736
1784883620
756252330
430802094
395881854
1185963003
647619959
882461511
1739941743
1903995052
1668043464
291108273
488632127
1079294269
2038060184
2038685193
1549684489
2097045047
1019156010
1633769653
1139949968
362358688
1235377481
2054135918
724696248
614973494
1243666043
1076760431
1310368134
1488558369
1149323917
217353032
1236850643
1156868681
1658032853
1343574054
1729253851
2010794588
1531455658
636151176
168149311
1241755948
604186155
576068956
756661125
1840563323
359559664
1687302684
1923184495
1345588710
590595021
1324440260
62414660
1430935443
1646228618
1150901966
101006
1665723937
443693721
1838875983
536963376
909071803
829629171
1252256293
498568364
77576537
2030022177
63806220
307199100
232813417
1249654207
901059541
1415195112
494087053
732614548
1375282233
1285658742
307082309
406762870
302827890
571845883
1160238777
970769599
1397632522
825237786
1044845345
1687454000
1622539705
142802586
553907011
1965455270
772251916
1843705012
1103897394
490679559
1189440941
438418995
876816444
1710540719
1244364754
827656860
1492877048
2018006023
712736467
486180175
1518547045
400526613
1157725520
1879293753
1876589164
1005528973
1587147187
1377677692
1164086736
1897174859
1002132322
573207285
964730437
1924780267
2082382299
1937165963
1445585930
199850270
1347707353
416235442
1189634605
2119079310
1770196989
358001563
968077214
645628131
1334536868
1816266794
764968988
1845285517
710476551
1668405503
1737443110
1468436510
309557467
1674265122
822854384
1880532247
1029984246
793985786
700131462
499330833
1004967023
109560602
1941489400
1803905656
510400275
590220901
1505508640
787941943
950999744
684055680
1041171754
640664395
689543914
891555177
949079050
210091693
912115193
939701927
957035072
1693438825
1334761606
432619978
1103738912
1591043938
1086163912
383859031
230780537
2003910787
1615656844
526155516
432091269
1802586208
1266060895
533150179
363672797
656538177
267732834
1706641772
1922738785
1046434725
1107414938
129304772
453868277
1404784700
638544708
2006074142
1172419657
2036303594
5057891
1143854020
741656475
216483766
373979594
350385226
21540858
1326100052
1942747176
1277104738
1837266705
1687315631
377119735
1262199164
702732969
1874423868
1229226944
425002490
405620023
497686406
1649136177
786165591
1950417207
1240061207
1205425377
441609774
957369437
100873077
463802663
1341236375
1282920326
1435572639
853344152
1579471351
1128155063
2136015327
474977933
58818584
793284984
122436575
694736214
1361174
1549061949
1960764339
868618795
236046385
1309220325
15583471
824485894
240668534
1441145739
1495862161
1940844240
1153957489
52233131
791135587
1662294546
576267727
279925867
1958016084
203678208
722984242
1024045207
1121328263
472894171
1358050880
1338278030
1531582774
1869989200
951460049
298089821
1152738479
1635853389
1867348728
377059969
651339468
1667370204
57442668
1546691122
1232609791
1149394002
1241966304
1739854732
2046231735
370383453
1796948713
2115047969
926704285
601798181
312292072
2141476516
755143571
1600456874
880614065
827694264
1715860718
977544324
27029933
1924806771
1986512154
709034329
363431880
543427728
764509370
1050609670
921653876
682838650
1603370000
360194830
1486082745
1085693246
1129676913
894524222
776226755
1845734561
1033310193
484663795
1976375941
1757764048
1976379238
1811717701
1805398742
434637170
1514418425
1915791784
2039742514
1350071224
883744187
1944879968
711660672
1871029234
683010639
197908608
1957733471
1469174215
188368852
14025401
1369609922
1874639352
1231620421
780142263
260690788
53316462
1700592511
1420376766
438706468
1920302137
1925176098
1666682594
905307581
1487780178
794105178
1714723772
1185102431
1417668536
349604660
1049347377
1678101998
429682878
1652481237
1015221201
2012171603
106188281
1605045451
1082495158
77575361
455187703
1667521854
292948059
1898720693
154047787
1370111536
613296588
1019933078
1266157508
573002759
1826692073
95863550
455145830
1544867055
383032491
58120019
1112645697
785850806
1026309807
1453605903
155266852
354259552
1969490924
454808385
1257525265
103281182
256174809
354508461
1236766432
1226524380
54867517
1998028682
972221957
656962071
585846098
1003491862
482135868
28054563
321952983
597550744
1881660610
1437275899
1046926572
647725240
1484381490
1876810066
1155107364
638101685
1650688604
1777527632
2058880807
1369042126
1516689213
1437277990
762779092
229728046
188311999
2059895845
2067201461
1672382426
1900232812
509254952
1099416592
764550685
448991922
195232994
235976942
2120075295
1988728141
488462592
157376816
890964147
773148059
2072423214
296463998
695613331
1125338190
78556197
202610822
1504832512
1107073386
1400273861
2074594111
1513224352
662954856
1966824296
827334006
713696758
99316600
1456526314
946610286
1472613104
2122740152
1606446825
2113136295
151300759
2028757232
1401196067
1071230243
62067130
624754409
1340614490
1533049760
630658590
561291342
2074446797
537237579
157636247
1969778458
35933351
1560658638
252341117
2114197813
897409301
1306006010
787114454
1836310167
97155184
2081667616
1937357999
827841985
1582528626
870601174
156689484
178235099
739823760
855676061
439619350
1172166684
994118297
1498903560
1154342350
561040711
963357325
735366767
1903398520
1263262471
970928109
788834172
1182160715
809935432
103146061
503997962
1510881101
1105603761
1418581731
1482384359
533286639
601925049
1631121092
808828769
324233366
1398824204
425779067
1421604012
560894193
104069069
429294585
536528322
237028527
643984844
1749916518
987906761
993713851
429679828
316964201
113482257
918066130
1056290116
1743726122
74060007
1984420031
430815244
173707172
664910896
579075019
847235851
930804651
337674556
711469173
1439696265
501558453
1261395733
1322399043
1895409029
474988417
787273240
1195369957
2131974055
1102142719
1016499545
547473415
1332940068
2113804459
2097658308
91806640
1039303101
1098660917
960048205
1699293419
282181744
1307949661
1179948065
1434131687
1590903437
1279232460
1139963112
1421340630
1167605587
1323448472
428529593
1598674907
237806199
82549588
1485756902
799950723
979750743
457062848
1494915112
1115106561
1905173851
370611911
1984384145
1443337435
1532385138
2030532077
1869042940
2088477247
2076677939
1166108192
1133159189
733771986
969138698
1173787900
1284902497
900683682
193941756
1680107047
355377825
1773631419
347509182
1032258534
1120320983
1898136451
1443355047
1166611097
12804157
1198181638
1627159013
1046475896
644399562
2030346387
292969415
1522364219
390330400
179079394
915961519
2653857
598845759
1563219849
1495602634
820074665
883250578
1820389456
1428674218
1683395002
43177564
115242367
442097741
223051548
210268022
136341750
2084355178
278989484
1351752407
945943470
786730965
974630405
149023937
439777496
536927262
958144517
1173803875
513072256
874708419
1822791659
1929331084
1818762217
1296146408
280837644
384528012
92039430
1262477177
1884859641
599288085
33043605
396707428
251078596
1242484156
31799432
1207118781
1744675174
1743928129
1814298889
493030691
215137523
490293954
755087647
151498292
674633518
1394103468
1672060726
1565828161
1256979009
71303047
1933669252
1023699694
264087342
1500226683
2066005254
1861897848
996241183
107913130
1468901347
1109128577
1618797977
1435434927
224075166
1664951304
1424888184
1050083261
984525465
986109775
393498344
1376470665
1685680056
1741976968
1178852563
1842507320
1169478181
1250687864
225179771
1607404887
1503469175
1596915454
2039952988
1796596451
1548768614
722247005
1539638063
1562012106
2139571582
1338753600
1534541157
1156913052
641346402
695581287
2084243256
1729996674
1157260946
650205281
97833472
1905383353
309376942
1834547895
2043496069
999063132
1681466183
381012515
645835897
948148319
2043943384
1240941895
470918263
1623683678
483015899
10117231
1537395125
781129358
1273660990
953458883
401813396
1556050967
32966859
995318464
1802908318
925895762
938915974
281042057
1140698816
282749346
481383381
1215663833
574677564
1963583
217532335
1913788676
1942556803
1240898218
231643413
498255002
1642656383
446055159
1638682882
320155372
1609155486
1212422616
267145137
604045702
2020777288
1702635614
88861950
410744963
172795618
591640571
1068725932
1128395616
1732881107
1807898747
1704507247
302035786
353687561
877129372
1931657681
971288726
1028167595
241406606
1382383222
64805026
1343515366
1210595914
1322331596
1071081762
128797435
843624588
683345542
256209684
579667006
951333991
1191672188
1738460504
1087774458
1981251186
1893810370
729675674
329875092
102121423
950437103
61597418
31724966
2043747646
1018201375
2140849261
761981946
743839833
1055390982
1572985385
1566424365
1134760145
1318887120
1884587092
1370214193
617433251
1852732739
1624348756
1808083559
529574609
126370737
587941183
1149970022
1458181284
1153578828
635223480
1017005255
464203955
2009757446
977361390
1306982172
861025721
21926019
505305617
348790142
1368425403
528151090
824527025
457979236
1183796247
661331184
1922728537
1870941500
827117663
1748766232
2003079862
572099378
897280326
868478234
1942115551
1068884187
1029740194
959640483
1896987680
1429555246
508637166
1967236087
2089153880
1758779200
899733556
407711252
492834172
614713552
1704611766
1346719076
1696262141
1546309358
1292447214
878401746
624631634
733813698
454274015
1775805085
2010235918
517009787
1177720098
730766423
1615532716
2014972526
1408821595
1946800670
441237756
1436007386
1287964771
1337222676
1030814041
884820379
456946443
848046964
29904006
314700615
1076511607
1627210884
1303825388
1203120308
1681733379
27597732
784195055
754465078
1545182939
1286948921
576739207
1550437933
553502283
996990494
59503039
1265590962
923554710
2041240461
780689116
717030159
1915335194
846623820
1646832143
1418163528
663488512
648789580
1197047079
178849550
828306090
1024078728
1992249466
2055337874
1645582891
1823631770
872689380
1115014004
2078074858
142596872
229036692
1608983653
277051607
521088666
1323975679
1476515274
538248665
1482391911
1758273615
1148246656
1225639439
843947489
1450943595
364881124
473002778
697755703
1107184974
1909725454
2131452165
1316911427
1158862879
173817044
1346725548
1919048006
1913905776
135580467
1403526306
190800993
741374887
1011561553
290488813
1712754363
1836652479
76947310
915542430
817838508
564793460
315000281
1789551087
1068109571
1392662118
188855928
291546506
1262870478
1064584456
801557852
432961371
1055832406
734142497
198887892
1153780305
1694924423
1846209355
613005796
1385473243
1080075760
1459002262
118789105
1256210881
1835197952
2077569157
1058179491
461213906
686148521
253678318
1214525496
1312812446
1717975777
225204937
1293387119
552426118
416383097
269862378
1049072412
417085671
570753282
654876678
1629909969
746884556
954969407
962387133
635870466
645101898
1519747507
104573178
851325807
1746975098
236748585
866338764
696505236
440707280
1983849716
523120246
725578811
1213308955
2067671556
1229474702
731264955
448699266
1070653250
2123881075
1294220495
565909190
772036524
1887511817
1686894444
441495579
2137538096
1579445123
1266475929
1899596654
1712530897
1463304608
1177343406
741832684
695805132
976428761
1448915982
1739411721
1909519967
430041581
1371630659
2006620447
251091227
1388426415
1717858721
1210520726
1346593996
1723800869
203280317
690594365
891746280
104633695
776769901
1493185386
2042777560
570657098
1977634092
356734883
874351763
1476159442
792923200
596564247
993103659
1058053391
1560098940
1236171804
1592957110
904865206
428185440
1446294672
169736557
1119743190
467746262
2042941189
1225256619
1138104054
616539178
1948130697
1793179087
1135803941
2015082017
239825413
1794946847
1398870468
978883493
1971034090
152303450
1558459195
39626777
127272588
1497766266
659451528
336699696
446084564
1364567927
1437086544
1044055853
698847700
2067143916
891286441
1526429540
332934052
819750814
471721873
743894720
733656465
869512767
951495674
1250588316
937190516
967176350
1754808010
421074664
542339035
1363886100
1428170133
1570796102
1928398360
217036474
595969340
1699109525
786305719
1019787521
1210295439
1187487224
1040570368
1202785479
406538038
1620462918
1264451698
1933543349
2125820657
270109695
415525477
246928712
1919476984
986663987
2011603696
1252784516
172631167
84595224
2115458635
635624688
222297207
1225743637
1021714544
261749085
653137619
1823315874
432082107
1757117725
201777706
18511298
581136736
454611517
820480561
1006591509
1237895504
1973035375
819357202
304232379
1492214267
1196044745
1842108958
519955371
431749558
2133353120
1179098166
356813000
402169478
2040521990
602820435
340362844
1057591163
137497564
1810577451
317639559
1767083201
1307293808
1773162165
1638710569
1144635256
1325545077
1750752292
455646109
268187888
1878236395
2004804598
177842131
550516392
1997081551
2119001115
756804963
1550532629
2096373438
255118807
781954544
1642132097
1251177133
1475398726
317323090
644564498
708350395
591306206
100315746
1355481444
1396011712
1498287851
1359875037
1455142717
642029829
1601187667
1121232886
8110045
1161472739
1310530470
1343743132
230397053
1464911329
1378693206
1656741955
2119247602
776952165
108003544
2028242953
1327780779
1346195112
1910965731
1675946276
182477903
1525021579
155126032
966759668
1512279642
728549080
1426515425
665771065
684719591
1918468521
324214104
1705210254
1104088992
429927121
1130094943
1281213728
1602745320
1107771819
1495964879
1297164456
462500915
41184415
1633334364
1629616502
470865804
730548590
1038265155
1992044205
2114689705
599585046
308858765
1171047077
1901903681
391208185
300720239
334553838
1246683092
1079290836
1877458217
1462464640
199224888
1207141383
216204332
2079628709
2114819707
796897973
326345608
607803126
1224894685
428226586
967159931
1891114712
1947626982
746030246
824749285
1610052982
71657079
730045479
181442418
1602077440
742299749
1088291733
143307071
1802767593
374018806
1115713469
1438485869
664590030
120844345
601861527
1860816355
1524410680
170569431
464556072
356236710
1522466535
466951156
1371782422
1559456816
946730204
1090511406
1981939279
1670947987
1973616032
46350570
308605390
1320416622
1837096381
1990631669
1455154702
1426482231
1641394993
628320928
2126708329
1718191079
204106
1322556094
2099762207
933666011
838004619
1555810175
1929783160
407868100
2114198581
1242618717
1963471995
1380346512
197936949
318721453
159347523
1939826109
958896760
1199033480
1176582146
1807280468
209847596
933371084
80583924
1511875672
1545483128
269471133
93826221
428921525
308051682
1946138420
872434660
390819660
918978489
313793184
738570634
782751248
1433317463
793156862
386967431
418331111
1899196838
1147226247
1727844870
1807416738
1659292432
1223105346
409230485
2063199946
689822627
2088514188
1795147663
514658943
2083123625
280509311
814277662
1857832120
410751202
699118209
920699001
1691745400
616551717
1263220328
231663058
994439110
1784781592
509973724
578522840
758496308
1364447618
925678371
1520586570
232540994
38329062
1835153648
190686436
237681807
1360925313
199962779
96663974
474135868
2084733611
731899136
608267056
896736177
1758848843
913549652
1684427581
1384151368
1588509690
602030866
1107101460
1471840354
704063224
70271329
338512187
2139075695
869868261
1349487438
1950140748
1692140252
1929376573
757686239
2141875488
586662190
1670247715
1799327291
1942118112
596890039
511758032
1457688063
1321833742
1080219105
2031417180
524534507
375227514
1523031776
1137137848
1735779444
796554214
526922649
529351495
1503556971
1631899618
1345578570
1713172853
1174189697
935357352
1387175702
1959291740
689322284
615361837
211725246
1014444874
1878346746
1246330699
694521250
42344966
807656199
1210586398
1771449731
363634590
1105402275
104352733
1892311924
1491063321
731774038
1780810875
1565508776
2098414616
1360113668
253312789
1524895212
751147854
1720542349
1186410776
192890027
1946280954
726456411
574472339
1545847272
561276645
1420742066
1892987525
1116200170
1058449803
1096441224
454325713
1975138113
1624622687
719727814
881521702
975054280
258365363
1552560764
662508280
1440997218
1751911151
1484028370
609007070
732751123
343361562
699698988
5747509
1400698859
1480289185
817160953
1484072466
51634923
1798216272
456543718
253132288
2113378053
1575429016
136216136
1298379945
879596567
1024399823
392618723
729282213
1395886699
170469498
1521354098
1669181682
466973195
191265089
437837120
712607787
750374126
1448671282
456173234
805840216
788652185
1598793788
1803581355
1152552415
197736745
467754729
496802169
1587125480
499754203
826554536
261593388
972668556
890547461
1497225429
601572720
123812147
442457275
487151743
321016594
1429983133
1025456843
1960154211
881629783
570386078
732919207
2114358366
770742507
931543081
330143658
314998445
829480589
1359325384
921674495
1614239942
1202170707
1221453874
1129925199
103042279
2037865917
1018363971
583835185
255972743
1877510715
1512299720
1792057051
573319893
991035676
1111353504
1290114991
1302669420
1053734589
523639753
330283217
1238600770
184942671
804085908
1864727554
532611076
1539417610
2088848351
2074536766
1232729155
1895872747
16449751
2057356326
1965638236
621145103
1206402615
1852710736
998416260
139039432
1202334751
1808150310
2088347524
1485448900
28426551
1817797480
1425494823
652113068
607348333
1757126730
261158353
925994186
1400539370
1044887033
337795758
2056876891
1951744417
886342741
567563427
659190348
1177969905
670919251
111784433
1771214592
1425308818
2089404831
277850482
1598157537
681713141
600293628
1988619003
78107879
607154937
1888345120
134236073
1468428420
2016250379
246926943
884535907
2082045693
428650647
1831877556
1291725811
1262410049
641349693
949422764
2114951446
473618309
376676289
1454570402
1015056835
1176683497
14800474
294534827
227811227
702252038
687013849
538556862
1298799216
150839029
1442563489
1459333426
234630686
93848101
1276789716
1630877462
1533353855
606596701
317830740
1396700459
498301924
1617528555
1627789979
345298532
1781434955
884035504
2001447064
1634530802
1243772417
1658163524
1315518182
944206152
992836383
578510782
1847602952
1050220288
1255007106
1982933907
721843864
270285009
892749616
1306615607
846424079
1849228637
1790327057
769004166
1673195814
1852182291
1694443651
130013242
180338214
843456678
172272281
659731985
2098899515
1580029771
1927212647
1422894821
1330660095
54733445
678796201
2090911479
913030422
79947224
622927643
1037170350
723848154
1543710392
643172441
305144100
2054905720
39544512
1730410461
495209833
1207851735
872530726
128363016
1554127629
61301465
883127659
832634755
1906167833
1987689630
1333088165
614946055
620896900
106315709
2077984882
1321349075
507249036
365573730
859462463
225953060
1656067808
1031405027
726501327
1328201087
1982349172
1598016977
850544406
1131415702
800614181
1500872946
1450467646
417836112
1928622246
1899805033
178728671
1460754941
911902859
230052300
692691638
346810826
531783139
1812089498
1991876691
489087477
855089182
214581054
1301780595
1202964622
679876636
1989810745
500004229
1539510575
810652196
645874861
655363391
955244595
459245006
242453688
1690368509
395115859
333017018
1180408860
2017922250
395806607
567349468
1576565345
658491294
1336995938
1805652525
1945943334
75726124
76059508
1959580397
1530634326
529804037
887854220
1328792115
1835431843
1713207068
47590791
1623066893
1362217695
613597165
1168915283
888524156
770537608
501350777
1007013745
1827243351
86702289
725331497
763057727
1481760103
24843233
99030409
1585184181
925563187
1763244490
442168983
1678174172
1025821167
278935534
1256725932
464379723
2095878288
1119096137
84979124
1047245259
218770443
814573438
1669689240
477104663
1784458894
1377719711
2017292600
1385671906
1018292521
1287835067
1703752011
1311072129
1616674108
1947290015
483962124
1733441589
2122417897
213725225
1531264305
1422286514
155702863
2038666752
2084041380
801956537
38737258
888727460
34893181
1723836243
1988124698
1154449203
2118779070
1245936671
1548291402
1311482144
2146802022
1588602516
150889801
734020920
498744246
572606703
730078083
1926313839
38969236
1028491349
111705589
1759627297
1941483274
1233764873
716449349
1956105813
9721506
274288962
61285675
1011939353
1139884015
997426409
1144144062
1099005313
1600944539
941785958
1575762295
648112457
816744491
1605722671
797457557
1079179764
519686687
1902414733
1147073790
1749480939
1857244211
87800010
1142617690
918469744
1207910278
1005748122
243385112
1176498308
161913286
1130634796
715516621
945718251
893003270
994455402
1233853326
1683009081
1482993536
2002629653
2146002886
2146393422
1931189713
663286740
1906223877
1698874292
324253499
238746685
1094233837
1882977972
1369101825
674537910
955940938
549811384
1697952306
432820246
1551373357
457097306
2114299602
1540907886
488978123
636537322
1153834941
495019430
79331454
1772684901
1068202387
1774258996
1919677865
1676658881
133267291
206824780
1752556966
1851391804
2015383678
426841938
3081844
692876020
2119280480
880095006
1780344890
1439733471
1876419127
1671095405
865070977
1471093399
1668823574
461499861
472721372
1321573261
967802875
2076307764
339442419
354067704
551948701
694041103
98456639
2128292289
1796788112
316569185
1661725048
1914549972
772864977
2095746960
791972198
1183719378
1651817219
833927801
172412446
468377874
1149988370
1074697122
834954903
1963461044
1744237614
248180838
880095793
1831114751
415888148
2044573059
1877379883
821577548
1829715831
1747698466
755219702
948603871
1472705844
1228444571
362954259
1174286457
1542583832
1231705430
1623549949
1106271347
126678496
2034716056
375558475
794714702
449278682
1123894352
603315253
1553491420
1577431464
965471295
1032689425
1833180005
1663608328
1996095933
2057171440
994612025
1768117209
1223749552
161824989
1700850023
912283235
883326823
452942697
1967733420
334046653
1418851174
946024545
2110056068
1200266300
1582406621
1666608890
781440943
1725665399
461592695
154972060
785525059
1647352500
1521168759
272974756
481196786
1640126005
987843160
695865999
105238772
1410110948
2029593068
581188974
2049570975
49008960
2072731925
1142141081
1245258532
67485099
1098346285
1663278339
1661004638
486373193
1969196199
1695592679
112691577
1908568149
1890700020
21919635
720738419
1099808754
665417160
1386592923
904305982
1517188584
627059062
1060264218
1781315530
1070985684
1486049333
503311189
1938238897
362176862
1668847629
1142932128
139675132
1707659412
14646217
27071803
1449994747
1045192724
127121880
1778373663
1300072099
858083936
1919831075
1199527085
171356251
2075813399
1160989142
1074924110
512387261
1801009309
1492769922
17458758
1344514111
785648599
1563315128
1736766828
2034411837
1520690672
1185318028
1482714618
419373015
1408341489
415969783
340217639
1276236507
337369417
238189516
279409520
273859654
36101033
1177197030
1364607440
632160041
1214298093
1895957677
494023659
996628306
1596444160
869519405
302676128
1018511448
104233422
2140318688
1343657548
425714833
61409892
2070464113
1269960198
1510421309
682411332
531573469
71680781
250004158
165340373
670411212
12995461
1054634303
1957842051
996562551
1543458547
1497774277
988680912
1653120361
263138675
1799311195
1424865939
869587559
1240751157
1291433911
1781228578
104360891
1325708066
571603649
1499005419
1900944901
707367005
648887517
1041353047
1046350658
1140627587
1715041059
1825973091
61847239
1532468763
1030084283
1860802608
809413059
972148592
1620600421
1851127507
737902881
1218059010
1856943061
350995041
1998029886
1073169734
1196430520
2038539063
1393333968
570834368
346391941
971252652
787827821
1088249312
426259204
932256580
515027923
1113038661
1309068820
1722645870
1952321984
444042158
871274135
138387520
1395990276
574254597
852263510
2004250541
785566081
2045907274
986070499
526670176
1904303343
1519893627
1748012029
1117502884
180091970
1266238519
2051768709
2032675012
383364353
1003181931
1541989348
549289012
1930698351
757269937
1042045644
576505626
2008251433
1711826423
1658019169
1158620414
1812241908
2143435759
1911052351
1888400455
76870999
1314262917
90796108
746812694
891349595
2039411695
1264653883
421778778
770568567
1374759718
156212073
587909411
419721221
33252389
1263305425
1931899434
914721582
829625979
208193623
1818366142
940147735
930191397
1810553723
1618450546
916659285
123382092
839388140
1620310553
5973751
1514382931
305905555
242851035
850080693
2116137974
498724021
414593259
809316474
829286675
1047728618
668193267
667484706
1201488990
980792630
1146817589
50322957
1110126774
1704639541
22379771
616718283
2109102744
1179383440
1951763061
1085374659
757437142
1525093102
845066447
329716310
1627757244
288037235
1115587249
888567487
1229010196
1357801445
2098896746
1979277927
1976790775
619439349
547194685
1354531716
382940881
1345723859
915801517
1426222898
1401830335
1799847247
286035130
1276050843
1406233512
1082894558
902032668
104999196
739450610
2050245357
89236869
169520794
1748111060
113326137
1450111773
218324148
961832752
1029769092
834193619
191064989
410909713
197140821
809385025
850921407
108402276
1520154636
1799027255
688728778
243578080
927581997
856421841
71260161
615477940
1642482935
1181663502
1392596230
62748664
1704192416
769408638
2098551678
924119852
628469122
1166518931
393917572
10154931
1791856555
1685973562
633658774
687043519
785260218
400767012
820973742
1698386268
1205986041
211243812
84004893
740834891
890630690
321890025
1842089380
385659455
1064477793
498951208
1636920732
1424255477
304793534
1910947773
779237557
818457451
642237915
1805648441
1751291640
489115383
722463376
1364108064
596939662
895524615
1776445540
277799861
832606760
1753495502
692344796
846801916
358547881
839653735
534121278
53744101
1342595709
776489787
664398822
1386426418
2093229270
972018873
31043744
673269896
110812602
1519107139
265603339
41692708
1240872749
1536570891
570659554
779395668
1906475842
265597801
1767151440
1293455015
1250178239
1346880527
985575588
654886758
1306154747
598562394
435806429
1264599721
1480024402
675710455
2136046352
1565127254
246392849
1890078057
1757582023
1354862982
939125579
1485206396
1314367182
406289396
1087307661
785251853
266227815
455773781
832117322
1868832463
752592668
1431168691
2027274131
85294495
403043174
2125134187
1553782743
1002474289
563510484
475294142
1158939985
716968923
547717562
1596470772
902746752
1458892150
33015979
419894226
143903674
1312381111
1718719741
374459193
932794792
561181490
542643135
753279286
1989437282
960002218
1354411060
586149606
1372002174
2075801787
291095615
1900126725
1918327670
356727554
1661369967
1994979233
2141143060
438048648
1822927768
1331492896
2037582001
2017305669
325071725
2007275681
1710163358
1760291872
1852212585
1851180069
879632981
227121868
958180660
1505241553
1442912523
1290181408
2096315
2016186643
1013447552
1598421079
1425207142
1028210130
424751397
1352309710
130245847
1535506675
1643128557
249086315
152571055
416614871
825472170
1276790389
1852455714
1219389375
499557059
423439369
1771613794
1432718482
1981851569
1310493848
925237100
514842196
346409059
587565637
169156123
841292893
1089814701
1726059290
250529002
1893475780
771798571
664555143
1661495199
1353032248
745188746
2095293646
388961360
1878312436
1633015808
326612717
1716464430
321451022
1262880390
1811205905
461595172
1250257157
1216894671
200435885
669045155
1760754087
1778619381
287985249
1865065140
416720424
1356914361
876735634
829139704
1819879649
513893974
61525423
1440042118
1190686479
1551392229
1613120768
1902724676
2028655811
24570474
1736218811
750012205
689998712
1043047304
757305705
1662995825
64099684
1175253602
1835369158
987993701
1981118185
567688565
846411979
651217832
979440248
771479586
1683157634
241527195
630433165
585539913
1217389655
650084178
1019765797
305206878
347095622
438248923
1464177632
728620093
2086200633
1809437936
396616444
141498169
1095815369
1909795568
1238846022
500420393
237321772
1169424505
1259858536
981475549
551130931
164708160
1934048283
2125876091
778570822
2136046073
139657790
761671085
621048640
681041624
1050618762
855626017
1187606811
1300639453
529891607
1776967195
1566601984
1888867920
2144817181
866334909
621508023
249562439
2089762177
2063251978
859882896
1812770099
622913046
32449613
1710865412
769552073
1905123133
2023999724
1726653233
1401966835
1542594982
522976845
630512173
2046757778
1812146563
1096706250
915763899
949231511
1514180582
579417780
2044117537
922364758
1007077535
27913567
687661357
998543503
1287007913
1378088241
820800186
211970769
850377279
87977141
7242732
2050391876
1258862262
232776186
228138709
78458277
150860473
1839113717
985581146
1254086482
1870535852
1070363206
38152009
1640574016
21978265
2114162760
595366654
815134544
1643487771
2139636542
1888108161
86832189
269842622
1593404711
2126575515
186101970
1257701965
821293911
1080480720
1400944437
307732274
432853643
1301081394
959461881
158683973
1981291968
436991119
662869849
450885134
521299473
309578817
451153624
32752011
266929009
784552994
1897970198
762500758
1481724218
1162237749
552053942
1323717728
499790528
806198409
919822410
547672877
1781730830
153089749
1646481193
221544474
247419911
563415186
1717429680
34409018
470526478
1484245816
811093621
902897704
1112274755
182824272
1931939458
1549803132
182974821
235883683
1530627896
693060909
2140815142
1339398654
850552385
714659278
713912280
2041557623
414692947
2042884525
896038429
1402515434
1421414328
1655569680
1774513664
2138420517
2091737897
273263852
519023661
1423321298
1697822460
1029379612
1272105575
54726355
1358558277
467653648
415026474
811528975
326926123
634980948
717201058
1210047893
212844097
395369331
533936109
1205964143
1938799092
1743654505
1813574334
1704524167
1421558568
1368130926
242894500
611229787
295318417
1020947406
691712050
1083353120
334180323
373742248
2032441274
939527700
23828499
1810202693
1871236487
1103833597
621450403
1628353141
1475015921
197168677
1454337714
1509704958
1295015170
1093052984
676722553
1111394878
1171980317
1606315894
1807976940
68015057
1916584975
247645263
1084173294
2000498528
96202518
1263587749
1805195948
1460842200
1627822572
1593118181
357606697
763020141
708552456
362196545
494078222
389833146
564873780
188897943
336064490
1373726894
1663035055
1012377172
1961146847
1146195577
268966721
1151357386
970579199
1095525983
254058525
1041142117
1215684899
383098002
834360932
81967389
2111180582
1266533751
1887681379
479969886
1955419109
2133364709
1405383815
1783926731
230961982
796904566
222188558
765423139
1507200042
628104645
73614642
1841127456
1409791929
962279428
1889330830
829646644
1683112121
1014096087
1568696118
1104197496
1705686139
297145668
581624933
2118388873
310671194
976420421
2062119816
2128521578
116984386
183520281
788044744
1696895000
967075406
1691970058
2100638872
455482857
9449614
662836193
225459893
956575376
735979636
1304943440
133216149
465631952
1254538305
143793468
527027096
840042422
1116619543
590972851
928942276
143053556
1362383578
180847897
1992199570
166705737
110550339
212989882
239145608
248273836
1364826614
2057445699
439143808
1970880704
57682536
1481941389
1733548332
1371853382
1624233833
621934705
1261981414
1711072848
763866181
1160289624
229925173
2034918813
964468114
156308829
1777429952
681671663
127740938
1175700712
1984974933
595539032
1035350684
2056118487
822612714
791031788
1772380923
656629976
1780079844
1731339492
109070660
749942667
682652976
1002959473
1863117646
731200423
1019449604
933977126
157223039
1474064664
1194582861
1842690500
1086174483
1027847886
1122451640
157039332
978061467
1246949792
868665440
480474891
1120420742
222109757
2109185424
1296691519
1487627178
1929484583
1288950268
27938040
1462111159
420226351
712454921
355257338
1095697361
1134647259
560852057
2015889124
692937203
241423385
557827947
1138742341
934957884
1238917537
1591370796
1992305763
1844252208
13445169
647632688
960149604
1782650948
1563253567
957494452
156347018
827420276
1265615213
801564069
1740733057
1859246064
1472010247
2129740596
407638239
440236253
523672730
506904519
1063619731
1721607712
871843582
830599200
1243462518
1248325153
1669290872
42854800
1159126547
1394155785
597971122
1752116859
866909078
1538675237
1459603691
1354536901
905761669
919599829
1470179001
1075435573
1696298554
1286548084
1003207507
795899263
760711546
951231411
1732744363
1084545918
1666928641
907068030
1464533956
2065389729
992479009
225403344
618917719
794101354
1810462612
1909604252
595091868
1215084011
1649817271
1543225911
1677719135
392568737
127376149
1690746989
1127600372
2034013453
1011643213
790768721
136697710
219590473
1254969194
619807589
543440186
892003366
1596707589
1777926739
1982116559
1534968528
642479109
397870415
267426898
2094871217
737373519
1486628964
407866365
876033009
662944280
744886920
550526852
439273463
1154703471
2077398585
890749189
1903902086
1425375897
946943835
780234664
236524691
974699818
458446433
1236558266
2144179714
187518211
473242027
473064751
890815013
617295428
247037088
603461365
623791126
1716715494
1450209123
513007345
1025142664
1011454732
1579036922
348611959
380365807
1394730678
1219062194
1284248502
990753620
790988915
692351775
1386770864
718896174
1067990025
1827377393
1203959180
700471644
660392011
552713338
956761534
591581832
1469681256
872870363
5569479
1406020037
486765206
1889368077
1503127420
886140941
1460413373
1266755709
53972938
418050535
68091982
882531733
982936661
1986050729
1650061714
151346758
596511004
1339848189
1459143987
480453378
282233519
2094914334
420342090
398856011
466837935
133996415
2001167939
2088333805
1394186173
748054318
1957859194
659154695
1660295658
284003199
1948396965
124004449
483971694
1901603581
793717499
1932007834
600988836
1135925618
656735285
2053573200
641008220
708955647
307364367
940333198
1693867727
390104444
1581989257
1884506229
856322808
891300954
1072841040
50388587
1276293755
2110627745
1759925243
2058202147
386087191
411345526
75143025
1295987311
1514933226
174032002
418331584
141575316
408062267
254288613
1634151410
1224075866
385551349
1479657118
2143572187
290669023
1953580519
1469565304
299437342
530281857
846871233
696799584
1997131796
1278139612
1028671512
1154473834
1077893822
1516637877
895800037
189297986
1308332153
1770266727
909645413
1507811031
1690017115
311154618
930185945
1302583844
2105376400
2030724673
810995526
280268252
1518160670
1041402326
1716518608
2043003093
1311596356
911372851
131712837
1890648377
662700005
683407524
1077959429
1132273254
402789890
2146815076
1634089783
1471837620
1664965309
1050879052
1110505822
1959453063
308443736
194481963
1381258065
2023844598
6060468
1537893028
1589700385
1315109408
1884508280
1504451049
468486328
167019607
751159952
926108940
1178993352
2068438374
1168363520
1941409048
1101044591
850217998
811573440
796564005
1271483864
1768623055
317323051
223750593
125527935
1187676898
1628992542
1135814137
1112812725
1121497986
1887331982
1880293463
42539015
1274874334
1323674978
1498374784
782026289
1723741683
1190092208
1678167858
1633856152
1886976631
271940765
1040728631
2100640925
1999072022
1674877304
772373980
1232856260
2121976308
1497119709
8456649
1077731576
1552686157
2006903107
1109996792
910354260
246032273
1440081832
874654460
1819837544
100359275
1343073155
1651548939
1219952355
367152593
58676901
233159234
609969493
1651459921
314429496
642575366
1122335435
1049739234
1015730789
676145566
312117782
480423924
869113328
1900214681
611844495
2131067210
212181401
1063683151
1137145916
75078972
1735048700
1820438656
1453870830
1782480259
1963603790
1235751007
256731077
1036202270
1262019726
452441064
1764746977
1363980928
38451179
652494116
1053921842
1259251847
1901502075
1890862491
956797029
1319162021
1720611298
1420686242
2044679441
824005992
225280294
866503717
820388227
462600972
1547974170
531907216
334118051
1600084108
281385190
2091160749
954814228
127258643
312587968
788687044
1628558457
608196275
1094668687
1231295492
1351809657
96257014
121243902
222381976
1697295426
660811023
1584755164
1939428001
736510180
1418526584
1016412412
1978836779
653863223
2040538773
14633755
1034602541
402598794
1867625059
730827349
1187887297
1458896727
1257316854
2020910054
325115860
742571093
232483297
1298659129
1448545630
1180261712
9597333
1323338284
1467602275
355093765
2142832378
2016995857
1538257459
2143376281
608597364
988094963
1232343046
2049284531
1948574464
1290886364
1997848222
1202410991
364621244
954651816
1892298035
1468986327
118263655
20944277
1427178675
300436845
142681896
2147377019
959418443
486478652
352393102
744701245
199187487
2011032588
1095200799
1165409693
380399349
778388643
2088385541
1888323477
2145900654
878026212
1261274320
1847318729
1539234349
380393282
813247861
605015194
1804247379
806251071
1233229037
502737509
480551473
2029714862
1689324588
1816705851
1007873140
1280156508
701648509
2114650990
1249558383
252651623
723260890
875202436
24362784
256617101
101398839
1338706553
1590896302
413085713
2064989073
1653592505
326736021
973388241
674802855
1376380311
305214192
1266084456
72551111
1406407732
1914819614
1821953502
1662767425
416927106
149779121
1120287985
600117353
631306929
1188919733
1580286362
1179614615
188446919
343682992
969766992
877931665
835191965
693578681
2012603690
857792047
676481243
401923196
753114905
1848751262
2058985089
356120571
312055611
295157310
590336873
410772714
405765112
1087960328
1288283014
2026127125
1113428247
1695114269
1682550471
720540788
391813365
1722070437
1168726818
1601199774
1918959210
323964718
527158091
1595658279
123160191
1104617927
781458268
1495918866
1308017465
57136953
2136916606
1345856008
1367327496
1708472852
890261043
401626449
1115218620
516818137
781936438
1847817534
1362739474
697333339
862041502
1053048592
1546305831
2033189089
2133205375
395711516
1135433661
1712888210
836435577
35355682
1116300945
366950196
962669589
131655937
1209799610
977851858
708158790
789301480
2062392652
1989328858
1153637489
2061057414
1800506691
276964246
2098545012
1707087873
1359862327
865010561
1086955176
739068953
298216583
708128507
1199496001
371898255
272473751
653891098
988511351
2009529124
1715508950
492524867
1153495475
1162094711
1495833503
1264822850
83665464
298986027
1180021794
19963768
1751583940
1070460076
1629397805
1451380480
1432287020
427839499
1669580091
293189295
1154738847
1462918197
1441484416
496848534
1661857248
1303508511
626445082
1586724420
734243084
330088663
1115713354
186837291
939149066
1897135777
549284279
1513492835
1594498611
1687289813
2070639136
451079513
1589656928
1935823813
1872217285
1865248023
165375700
1438643450
1354668185
930592308
1684741817
49759816
199863232
400614500
336287852
1083226358
951546157
525741487
65608606
531731489
1316173625
157831482
790923376
899672649
122670552
1962595924
1858548855
1017766515
1876262930
500891310
1033839484
2117271595
2130697438
1749283213
1474403474
1017399532
375271018
1777031830
1794004513
128472822
2080838265
267481318
2002779281
964272398
132152820
286760889
2012691449
1273433105
1088176847
1438216302
180902189
4684850
1086997698
2081473677
2028395125
340534424
290692303
728326774
602672429
1749930206
1280591856
1365342652
1198306889
989239959
1472815476
772288693
1896798847
689910352
126938072
1483796315
332939005
582567919
787457474
1455676281
1352150212
1897742159
300369689
2136797680
1440903087
982872971
836868375
1965320921
1127407437
2124240688
1406001941
1026289407
2109126013
1091778900
344671359
1249113850
1038077900
1474284556
1444438227
430506488
555325576
1577237269
1842900271
588608904
609168278
1041850638
215299052
2142678697
230282029
1689040541
1103673530
493014136
1569864669
40590522
1201887222
1842771214
674783713
1432189631
1601911325
192986939
958982502
652123822
827082555
1219663400
1451001831
346105267
1855070640
1959424586
725267480
1239064952
1086765130
1896083056
1580745847
67214048
708792515
1869084992
1746493819
1683532603
1225799238
454971820
361614587
2016806582
1321306569
1375327118
134328597
1699042273
494246233
1699519274
191455579
1092344173
1328875641
540051098
537229682
1792922477
5552325
809068129
902979773
922947275
2055516916
377563981
1998301385
1417105638
1933355842
968848396
92892802
1133593056
1109384103
1343429664
67788294
1682957157
887295208
2049488587
295015334
1134884893
1512947268
806132587
1896226438
1091137278
1233617794
2091052619
1569078360
898101587
1839368624
588652443
1072367505
425099513
79077948
1003838043
635568132
1318282417
1960306508
858694241
522937537
1842142965
1230445022
482932065
44586683
653525833
412353041
585504868
136919018
133750226
1453438466
1392812670
2119893912
2117753761
1942872381
1318301610
1074124260
970796357
2145474008
1349945402
592741335
1068339312
151670952
273367091
527310232
311835890
1129223564
1865233561
462719188
431642552
5388940
1238353367
805791648
1304174086
1197384020
1418202395
1760644679
1846322488
561489692
1782479526
600231788
1963155347
1244710350
1772975341
354515784
373508930
754963692
1600394434
2092751854
1168536142
1821626472
955881914
1849647327
1677933692
516614083
1010954663
1884823207
349833108
837441538
1063665420
1336107986
988415596
1106247917
592259308
995167038
1746964403
270268844
1147725087
849350879
131126168
428601862
911859440
1197004759
551288125
1435991919
88404090
1949317850
258421488
1102583437
1310104794
1342315835
1489069272
2094196761
105429148
155225701
266909748
412694717
1725922200
660300897
312579533
387299122
1875797027
2024053507
419031163
2066417845
454819108
72309194
1300317564
2059359303
462098792
728921091
26745463
1352661161
946296362
594841014
635297260
1044257286
199724145
369361619
1416834920
449273525
1595491344
1233245495
2096071025
1879107882
1912497385
1904048961
951210771
2059152727
2014940569
187958274
164159923
455535818
332682064
30991697
1220541292
1144476952
1709807240
1126374834
1689072015
43878363
1665765282
361990166
515138839
942853854
1962676796
336598297
541185603
1950276862
1962424676
1532050777
1135369512
1067345654
134180152
1350900062
1653678570
67202103
1546622678
306745459
1294778088
192303298
977557535
1046871194
672799726
1865827659
1310588162
1231925785
238946774
1154286713
855589606
259168955
1839073512
1743634884
2010054849
2135267576
845758250
1829854466
878545347
502968611
1367988732
1045256238
868711292
1830319967
875132403
1394558458
1721073032
1949735628
631058203
487402347
689869349
1430754241
1621102903
645140301
1639441632
2006799435
1669919765
754992952
1397871992
475060760
1565848666
271329277
2125046598
529128877
1540521290
110308707
919695538
1302358777
1905869452
575054274
1306979659
1579847752
644551971
2037675648
2048821648
1628888609
987076797
249387862
130344806
230121588
1866078045
507660484
1983152639
1699371066
144928942
1624273177
433184782
1737668040
678460665
1554712376
654193190
1923716269
295728562
705557204
448362811
1795968624
1086568844
2141158206
83106927
1462613869
1862628042
1040283961
660075101
1460343664
24992695
80027437
266311298
1809634595
971700168
1844784576
89222884
202356545
1528939451
450715002
959873177
1679270262
198147610
2062571564
1358494795
1005218866
351076771
1952597046
482624382
1317228862
1158216098
376484902
2067571292
2055783277
1666722178
597522178
1826355535
179297205
1028227172
1331775477
106986111
1812567842
1529899349
833022192
603564228
1822489516
1055090309
2067051835
1665856465
1957422738
411258670
1825695937
846102469
1819258279
1744815696
1657845122
1422879887
635688704
1006487817
1228228486
1201510542
1325707512
742555105
694698328
1180643999
1730050856
1428933501
81425395
1914115860
951139691
662935539
834990303
1218916772
503671523
623183624
55888507
1807717258
1320632718
1625496319
1029489394
949655448
709539716
935376405
855467242
1319006909
1189758135
170408884
1647664500
1671967041
2070719287
1808902517
1137314293
1415047290
1738822693
557408655
879495554
279097688
838468909
1811918611
741429515
2044433275
677705202
1231866417
229803757
1087285781
170077541
1617571022
1170072826
356960941
862606712
685949130
734459559
1162967620
37101579
1013150243
2019965162
87250859
1331777754
691232556
1440176621
1029674673
1652190954
604380995
604433606
835612410
1346932391
1329000763
169104701
61616432
1658122417
1583007485
1622868712
982358230
2022100022
156424216
1731978308
1448846009
550069522
453596191
1070209892
518403566
1276349706
1865377890
1583181127
2074008865
732715462
219551712
1478555744
453954039
57338941
58791630
1077855824
61064563
1123073831
329254625
683871410
541520022
573199603
306621106
284421414
738826531
454457979
2013131342
1127659197
66788101
1441153423
1243007278
223117977
79637898
1916989452
2077884857
2140180484
1292235006
1683259821
1069305291
570599145
748908711
1475234448
1379294310
1387120960
1139984707
1996651291
1751773377
1012331599
2056630291
677013157
1182861970
1057413878
1032166914
592744817
420645577
1420303954
821671391
1762310807
1640675479
1229488548
1358477273
1980357945
1221191546
1506390574
2085915462
2018404280
598666022
58453790
1190091085
1422274483
523384100
1995221896
1961924972
299894475
207452999
2125139409
859567929
893652823
543165452
2139682200
1076484434
106669663
1094911013
1246684785
1708249216
874421529
1897953628
1563654217
248660269
1090234963
1334009639
419719052
133204464
1790737045
1735886891
1019555852
873601063
1314847473
662168680
296919593
1285048357
2047574816
293165385
1620766366
522469613
227591594
258648698
2083296609
1575457073
899194027
184374142
2013229541
1057967059
271576894
1078923247
1905111496
1267818338
1592960458
1140176209
1305722040
1386716077
1935470595
1604403782
1470683140
1473102423
1290418848
1608789617
1487374799
1679490847
1917153203
117414415
1405071076
1670733213
1090573538
2048526642
1117010513
2103602698
1596279200
349383420
547103253
508815645
1767961455
1422832835
268551494
2062870476
188289408
998762596
712456610
205144833
9002299
656334009
455029268
1661498431
1745417798
590194362
1257088341
1041302948
1801724082
1016500516
960270584
346160567
173195517
759203769
42329113
1016951402
1652302052
1411601779
733694561
1710608424
534873984
979439065
1883556422
339682813
334455141
1366427320
245755640
265329263
1522194035
1893284066
1120728292
1006532293
923773090
2129152479
86752678
1417058848
182034814
128886548
1475323243
271241803
1319526160
245082969
301624588
635078405
4145289
1793245691
528218606
1249818167
494875408
660769532
320331523
127088608
130802225
624517610
2010888796
299014126
1732824069
1318953609
285118453
1150248042
351832133
1703274618
1998369854
914336454
579206219
444015833
1650256430
584080405
980142302
383168126
738720566
1624683711
1181155472
2048017211
941780222
463765747
821226164
2041571691
420493578
1365001563
970184818
1513270477
741981422
1924040158
1191444553
1271165487
842083012
430377821
1049289144
442683172
325931706
569847265
1545734922
1836290934
1656750319
1837940624
50282581
1386636008
2121946431
469612608
479686479
1081272455
1791404836
198170209
746070771
808060577
635250886
1007509285
1441614332
1200368100
1797627183
62300845
1210243972
122628008
1498554184
2016496140
1570660955
1064124363
883736659
1055670236
73776180
1392453550
1242798991
1347468452
1621165219
456303033
1693820788
908394935
1956344095
693136320
2079073636
24954274
1020181342
468352543
1681564538
1947272052
860438587
1870464718
194478229
1752480409
2140026956
1656782091
940296798
1780376708
1749249186
349371672
1727503303
28321063
1099628208
906728927
2059783849
574010620
1520993607
1395510817
58064962
122993640
44142233
451070275
2067531862
635722622
1649229364
505941431
1716030129
1369865548
2033938745
884514546
938441227
444653702
2033721407
669958080
297762473
767459556
1186296616
1837546639
636654526
583698925
1246338256
1659376646
108164078
1920668163
1194478855
902884271
1721963423
1839263450
1120916149
1865731495
1084839606
1036360999
357499646
943277380
2142479410
1811754251
943741351
462173904
1792911090
1386881700
98272973
621926298
1330108831
161256565
1623200720
292423158
314895392
2053024434
1469425999
1610369359
2124465488
582294937
1086529890
264588438
1185071693
1047970108
309876124
36673104
1278884193
1553914337
80913853
850924694
328370570
1680933484
1759546560
846491746
2137809427
639381788
1167488582
2025643647
1516401537
1124074924
959947493
1627162729
1449447100
1985679543
1857967335
548767461
628893223
1425741875
540935449
1748105333
1891349201
424182853
1376451290
509549551
1171422546
705906462
313302924
974179850
739481336
1011152377
1074763628
1442714959
1203781791
802330507
436451524
1995282407
1194897440
1362490135
1023933572
2037031874
774658833
1446583906
1995245064
773241581
1556970089
1561300833
644717280
962075118
1201932661
672770418
1525928588
790874286
421532389
460287986
1505635094
400051613
1676849987
1975851677
1257434045
393896315
1847448595
2062658114
788772894
508947091
171898062
561986838
883001995
2077987309
2065698492
841394349
1005998632
1038397517
420906329
772031530
445462601
40694050
1275561508
1451886790
1182702174
1301251028
2096802906
847047214
518640756
1176062836
1268438139
1832020836
1764928916
597116419
1821266525
2105484347
854114899
1917561708
1248993616
980102125
1704626977
684573612
440722070
882118585
1778273067
540693528
1902549335
1645257153
1634257962
1460563424
557049096
42411636
1049927117
2014944526
945966008
1856342071
560102836
312641886
2114466769
1466068558
1139363785
711176920
1754412411
2118889725
9537692
1761761874
1245559671
1837416464
1940107856
935163323
2099948857
916338284
1257895726
273785467
1606609500
174916075
507326469
187702196
1539388549
2141385739
2010342262
1214279107
823977848
2055232373
2103499969
2002085604
2029158053
1439187083
1562880661
1641183046
1205864393
321827808
853528298
1198254476
2078339029
257980527
981394188
380502510
1937089527
1556524747
847867074
1241060124
1588998370
874743480
1121495003
609770377
608304472
2147108105
312055614
2068583261
1146763763
1876911798
892860984
299355407
1655355243
2069953295
2131596208
1639652085
2023596494
514293074
360813991
207285038
929951261
1612724984
1847173466
427662591
1925132970
1406385982
1176782597
1834673909
19541082
987168263
18992433
1089306894
307052893
1259887449
1493474922
1189874761
587855293
935545491
1289679741
1549458595
56752605
853626988
1942909481
1938434259
1157786970
491029670
218632798
1561480913
2119926711
835342086
256168732
227549323
439366640
734765139
1728930029
1246579163
1470659753
1621076318
1446368129
1427907331
695060528
761296695
603104276
1645583190
1192879557
362791307
1398608920
1035511454
644060998
947105668
1272661320
944710815
419818063
868058080
1283561999
2063367501
865223776
1794333336
401196468
283438616
1133504584
1870973960
125518582
868414053
671452777
1667234429
456757927
1689323652
797636886
1475460200
729521877
324551657
272063082
1465322371
296254284
1965849309
97314350
1998945881
1794026514
941818405
1922183417
69170817
1759548407
1675315738
2015098761
1944316622
803010513
2130148514
2044937398
1798903828
1802730545
43232718
1781085633
1930062712
1212143082
273833426
28236989
2066348306
1845517324
584138721
1657214686
766721981
1730732519
2051590136
1439919714
581429241
1278740059
285358804
466142842
1737777020
513265427
1492388681
555876875
1749865230
690048788
1148314848
979079586
1633124252
1777626891
599956538
1084158902
1674343265
1422597955
1474793288
1138967074
1287794994
305712089
2118539338
1496254436
1230808689
1227293216
2047937614
1149109815
1258429518
1271895440
1838263835
610323790
217906765
2108332981
992473840
579233979
1980736346
1304260660
1048196078
528684717
454604121
1448559046
829651690
446887202
1059765458
68125433
2075014582
918347605
1065984833
667955721
1254559163
1061265497
1670988027
69546308
1812809312
718151089
942545501
420679298
639629802
842014462
273857261
440717095
241163187
1455367557
2141035245
1405479409
402437128
2037401941
2008824764
354123326
557177737
713687648
1680013832
1226871387
1774580869
338315564
1189061401
238472987
1259629753
703044060
1939085323
1975295548
1134717689
851046152
290629220
914292619
1783879012
1471383727
246778609
1378045561
981419887
2108553420
1067952750
186088065
1281764773
1298651679
1796162812
1680092218
1411684540
1832783141
2107669853
2049041282
371101216
1149670988
221498802
1876473021
497804873
144689830
490526356
1146089244
1514922832
1503904553
21636494
647202099
1774223996
357516530
1037790981
1801204768
1812154389
963818319
1531813301
1795243533
1227059732
752191758
357727368
1677138506
186708166
190080560
909026666
1736740632
920019392
864102928
1064837741
1977262127
1958441478
898346361
350034188
704798994
908335873
1604397184
354586985
115327157
1245251130
1199586599
2141419333
342009299
1012348393
528333104
1056767422
169464451
1221998007
1299084685
1864428461
899612937
2137315666
710226675
147710017
267966295
537026466
655853509
1533442944
1311499989
1097361640
516091288
1056590485
1478647199
1504068890
726616704
181547225
1825407150
737030898
545301812
981122752
1600929993
1308227053
1789759131
1519855689
1683592730
30851641
1293804263
1091390371
267096377
711942969
575487824
1775374110
47070264
1795094021
860911461
1823958364
154045845
25921235
1275812296
1911713223
1282311102
1447042287
1173952458
337549198
779034768
768374940
200077221
1462811418
1692602554
275365175
1741787807
765597243
666372661
716368645
1528782640
1100747464
1974617801
802534162
92344161
1133560437
1929372892
1294502057
390337485
1131280816
1931802
485328234
1067825401
812660429
1215613999
888015197
1803597712
2110793474
1912813890
1037398645
48586540
471136790
908866895
318222184
53009484
777204100
1482074794
1364166407
1010793169
1381957762
400651785
1101838871
1117351542
1648336614
1781422850
1244731667
267202831
2014075375
1145204613
1717384161
327194805
518069951
1830178010
1871894004
1632182126
553670414
1492162371
694788294
1489079180
2111962004
610207892
218941472
848826562
289390012
522997913
723380322
37487669
210685849
1687582156
1766913931
1556480801
1668132960
74195354
1285802740
624573629
1590653299
941959814
1100910373
227131994
2128569819
1547136665
378501182
1369862532
5092640
1463268035
2133381289
326210420
1191056780
334785429
506990962
872965470
1715313097
1031061285
99301772
1648118767
2090422757
1507584110
1597025357
1524656792
1487754372
1106208030
1579153965
1932360852
1320225278
2115517118
726852859
821525167
531668787
43010503
1743863316
867586981
479333450
1380616333
2072420342
125067838
827951106
817177350
15936444
1930177852
626523976
1765239857
818106538
258740382
1735599655
1433006557
843060692
602289639
1940379557
1251550059
1906414049
1765014220
2144412804
1625844064
1523642273
1466228615
1196585803
82003320
1983873991
1187620057
670841013
598323447
1939165546
731007775
2044467136
706026959
1822993091
641996215
246034016
943284312
424645098
178967256
38339571
1804232217
1464778261
527273503
887371687
673590576
271942424
53359101
118486670
775154807
1457210924
237230151
1878699933
1843036272
1832975173
2011262189
640809499
1845568802
921067911
152804175
295344601
346396070
473393599
4261194
1170183656
1783132350
1458209180
1883255113
1699787692
649358232
593643195
595303994
786243772
1014525215
1430421705
2100819925
2109102072
93129611
908666754
178930558
468175532
1314442324
1777551440
425948169
1860109125
1648337441
1296319807
887959128
1877890100
1851729830
997742201
676552060
1861937134
379313480
227760392
2086913254
957349484
1311891123
1519950345
622848604
144266083
898571268
2012568332
731213909
1956189313
1529151753
293884570
1328977590
666567667
1481582299
203782801
1475915500
1490603742
760808307
766614105
2003150808
1910844484
1816137590
389416112
975636271
2038992718
1526138698
409612265
1843063820
411896632
2011502334
251472757
1897642942
1196936844
13160324
347376346
306413966
122155211
1989818589
34587450
1971333352
1244831025
772815452
1163496131
2038952989
1414272004
299870744
368773978
951244828
997050874
774777099
2013766414
562767081
2085954360
475470744
727973299
1033268252
1868751084
1650106861
586090096
351469066
445859790
242843499
104688278
263561966
80112716
1314364146
2098773634
944384552
1709315507
1598046677
1950640795
1418471628
1654892946
132088045
30649889
457018678
797179914
168927704
1471122625
923609652
1829270386
863624936
1518497508
943873650
1088851275
1859240882
7345416
146688829
408505553
980981914
1031413334
369627916
165649077
263349428
1111941976
1939541029
1475283261
216261070
1975531051
807572657
2012692597
1220611546
2007842627
2037827688
2089643063
361498988
1061077079
1138980907
618354720
794390341
84858371
2130800485
708010597
532672417
805496923
323807172
2047104504
1509372506
1774783160
50115727
420966033
1251699408
1287211253
905900154
1361189502
1061720880
1533021811
1502594633
341795948
217738704
1054919408
692525668
2011486163
552833185
1398204886
646293172
1333093003
693847064
2075662527
264802099
1914206427
935024330
204390117
1449979755
564327885
673406119
155991163
101952644
955871789
100312703
60093164
880434902
481196757
156392196
82370924
1078995566
1864327906
302090511
1574540629
1072927106
1397264445
17235122
1290174954
284926107
534900181
1438730915
793868761
734743664
401887031
697806685
1076473224
347418685
133565772
1575581506
1989606121
1972399435
2079258295
456289694
687106969
1958109119
1280062891
213504370
281954053
267324833
208123721
1353458795
1879987332
1486730857
1974525651
186862900
1106361555
616079015
487812986
975525703
1003334846
1180852343
1679861297
70753553
1718151810
1983119568
343445453
1080594412
418723411
938696844
1867852111
1363029440
527771301
1932017137
269851344
1941593985
2122565146
284195852
1205130931
1852149052
1089665805
2129924092
1730850170
1846357921
745342972
1076149140
1241823229
2062916823
1427085747
178239417
268882075
1639899502
54333567
652326416
1105564155
784659511
1941816160
1599572844
833784250
703218267
1957665293
672071632
566826956
2051239615
1398102465
462013810
792704274
1235926799
128685152
496944398
646953419
1316215070
993625728
751452857
679627229
738699743
1746506943
1245587248
165301035
1172394362
2138148592
1475725720
528597257
1729398761
1749513249
762139633
702115032
148387457
51446334
867143650
810600443
2053691990
1076843258
83911608
23843425
663350656
156957896
1773803037
985565093
746010933
77445091
602365132
1663694555
1097158831
339186153
718978487
1833456880
1533350298
914229093
604518214
1251212666
660818049
905350258
1143142748
469998701
1899214002
214678561
912329330
726893646
1996166482
651002536
694280845
673808155
631268745
690491272
226752259
38731360
667584355
1751447669
245401996
280520231
382489065
1356696856
1844000226
1000444833
1249653478
42152153
1384998077
1091310883
1534612258
76525528
329826621
1412453866
2037345796
1365468493
279665736
1435699639
1284196591
1012983447
258229889
561645783
1208965614
351286006
1372792350
2135741559
471870391
1795021836
1197419435
901621768
939323176
580267567
804034249
1648308313
928477411
125991224
215521741
1498290310
1169775896
1478839866
527340991
1420557886
1739254145
949063439
1303600048
1601926727
2146333080
1779693006
389277962
553188729
1888069769
107749711
1538636116
285128530
1826313007
174212352
397003817
251980097
1646019623
1025054232
1525737274
1271466268
1212745326
1553499687
1916064355
768047385
1542978882
984525319
2020107657
38099862
480345171
675622659
782052450
888981610
2087296539
1525888535
742516436
298092668
1298985870
1820457932
2127313604
290877922
1343007346
546806296
1139159318
644793353
1893887293
102292399
1895823168
930365494
2022160133
1336716753
1577722071
83528303
1176673816
1222365656
2051608465
486150716
1058269915
604387257
1122444510
1704163223
764624641
1510873618
518505221
1151592592
2053814916
106510790
1305302545
553957523
743295507
1252201761
928725323
202627369
502989657
1600763470
2062922050
141064961
1033435039
1126477229
1177645058
1997268024
115928778
1861698003
1858590913
859354087
729796209
94381967
1349074336
324941653
1403403100
873131786
201736780
1387187506
830877136
2003178649
561685590
1304220155
200827241
924249111
1624135200
1967626208
1119892736
944652580
1114501838
710575980
1258979169
1128895809
1530788520
993842153
1608264133
1560734334
1173482997
1636506891
1296508644
546394531
1452722823
1415406394
1592939023
121134278
1284344535
1224695862
1223994523
1046242985
33629063
300648128
600122044
60709378
328516644
961718189
1614537378
1387840910
2084064338
1323486943
1560208231
454361199
1625780518
1144950201
898978915
2048075259
95423216
1354940067
305949176
344435768
1556285288
1869160941
953622412
1122361677
962666686
1846070168
177981220
257018129
403470923
2097456178
882643743
1769589410
1536562316
1502728086
476293843
1578477610
1314672480
1470019586
1938055498
1901154551
597171098
377079720
174173872
171990837
1857322279
1676943493
1339897232
567982196
627146912
1426964506
16104435
1859582307
1772089626
2086238633
2118154255
1381763974
61494503
1900661844
303396567
1867639455
444564102
1537399187
324235667
2039135000
850980664
282121516
2104460365
1881911365
1374602481
1791291422
1864791822
563599687
1551966642
2066108353
352586639
43908562
1716138015
1708008005
1972232576
239796191
1468869127
1595062071
358691642
949347764
587481435
1563700583
243014154
2050524261
944704006
1566160696
410484195
383029009
1992623776
600884153
704471296
30932500
1798875027
678969708
1936424472
1041987034
1007514597
1647889873
1604650689
588933758
53751619
1937881212
1232252257
895022136
1360510635
1565456742
587379726
2061984223
1593621986
1774700607
1738195546
1903133474
326177480
1865490136
1642837339
228783474
1989719895
688942461
29189372
1281615104
78121670
942937161
1110581187
554219184
722161735
862053816
1077584579
658398274
1941972343
1036406175
951190927
1865363392
851413246
1685899613
1278587249
2061661386
1756054189
1257212838
262135604
100523785
348282235
1255057047
1374738172
1940887738
1756755487
277760741
1883717396
1241169882
2113993057
1007164073
222467053
648250781
1496502005
1740896477
1691248672
1125503470
1898436364
2087708066
1415616933
2097528009
1598241325
1362310439
1098322018
751742432
1717483345
1161499797
642477542
1279711115
1804911997
1731664004
1950270912
1644447432
1827350522
2061155101
1847360170
1216647313
1042154266
624952622
556053812
419659588
1114538649
1464664048
526857536
1118380942
1481253715
594914099
1684690092
765238582
45885726
1474789236
739009220
1815735243
725039814
1113937853
1225486170
2078711637
1410005011
745530257
1921082892
651036085
1659652108
1154086214
1044084842
778920532
323682777
501107875
2064283531
1760109733
1168021701
1184104973
1173158095
1915311179
1305376713
1640151208
2036358098
405299265
1213113767
241838244
1258086818
2108113821
1136182173
1970591155
1022275279
646615753
177657356
1885892479
860459716
1097945072
732181701
919562657
1818812739
1774073991
1029965886
130934639
2078327848
1933884122
942745894
2042242223
1857540968
1433534080
320344189
352590189
851013288
1382528845
614227041
1461425728
601875624
741596596
102287074
1168567614
1174535329
2011841636
2116769499
1537918625
526466723
1275429455
1354326249
1583293518
563541208
339393272
1049743493
1915284020
1154930475
1233394864
1999372183
1331662539
361055070
1585108295
1375396452
28085641
626441287
1712583152
26574849
1794596369
627014774
1352706021
1433698382
307403901
91735583
1579044271
732444999
588841519
238447013
1187054880
1764129258
2058382605
1294472101
934250861
1322897896
2132350033
1025552952
905264261
192035945
1218534252
665338231
1448951699
788288426
1741582600
2115855831
1223978009
543021058
1979069920
113054484
121389508
454896686
536122078
138150428
1906487640
1287679972
1012865344
849144079
1419759509
670490324
328425122
321468349
1585859519
1402654700
1367061927
282934737
336202438
536551163
779350792
1535966972
1589589611
126182057
566369432
578132810
495031207
357056290
950318604
837394148
1834680926
748696681
1757458038
779127651
1727494411
766604131
409786744
1623733152
941245294
1716377651
1231168224
592104402
71262165
1359479859
132828026
646246724
270395471
358142947
1611478843
2009447752
1729981965
1771906636
35891598
1365071307
1361941413
673810708
2099098794
1890613550
1663395018
1093156741
350719618
129717371
210416680
1597685348
122465122
1306521338
1916554423
734811851
608493918
695268244
1397862105
957238037
245388593
1986655676
665270252
190137224
421859294
1978675769
1255077627
1208208341
1550717348
782864158
200401096
2090687720
463371439
678225212
962984962
774642780
64886312
152468252
142245824
2031476823
1168926953
1570293828
2026019573
1795082804
1412305942
248898615
1399323806
1149901457
103571459
1553871714
1250454463
1288398340
318663662
1487048001
205125821
699373538
152370096
110520610
1524465876
12235538
274092302
2077701005
199623612
1452169729
620971763
1488991020
684877570
632521989
1706936657
834261765
548578582
390445620
513492692
1711083512
679470780
1934991282
20397824
381029049
411166195
1704510287
594573857
599286360
759972634
1908522900
1288345016
1008152234
46056341
1550612407
1903069398
353419492
429519866
1988002273
1317593752
1584098197
295106265
1326868828
1243621809
727913931
882129617
1267594494
569807188
1222605387
633383943
1976657574
1997202584
144317486
273908317
463256786
285221931
1544210209
1844152700
91462229
1758610508
1108635795
380056127
1127604602
2138612954
115535865
1672487576
253601627
244362022
399402267
22962006
1528612679
1145829286
883607734
1599816150
2133525132
473268124
1978178495
1583622118
689723322
748349437
1669535673
638089332
13111942
1064837736
1287468694
2077667966
384304682
364195203
287945143
1142697468
1218395273
308224799
1769380605
1099724471
1626805879
148313633
1196851827
1000429282
865997191
480650487
475519230
845857550
1763530193
1415778220
591483706
220346109
1168091765
818266806
1751296610
1746041517
888748716
1714065223
775716095
390868029
385106967
1549769759
380715311
1490941946
470525986
698864589
1472853477
1615414653
1769755928
793727426
623227047
109603844
1194932166
241664642
823097549
988856345
801186102
921919497
13859171
1189814634
1164160014
676918699
1704036941
547838331
620651325
2080435618
1616466597
1456056483
559558718
1116037850
1639636785
72293575
340900187
336168118
436136165
857212062
1428108900
1433161376
2136946227
125759405
870706847
360318321
1174335126
28857576
75432077
558362558
959334746
859485383
1012765585
1552974592
920006426
1870970589
1941817827
296172471
2110273050
340453777
429236543
945818505
1632155490
2039106356
793392846
1009627985
266048090
973560614
281908120
1076519973
1843140300
1427519120
1057011631
1015972927
842913872
2006182980
1934999828
822711276
1551037021
514749616
982542856
1506142904
1473648121
1874887198
1996071058
184523488
1029361177
1902581824
336711581
917749194
654493302
1875763785
279720887
876543982
1114839546
1055990112
926128203
1128448930
969461906
138222986
601450044
524450793
507802077
413041243
1635984245
1070955000
1035106282
668268453
1956690315
1545476099
2126223294
357058072
1091368205
2006537563
556736849
948107711
153151883
1697462219
753781598
1388386727
1017781211
1059198517
754560305
583368839
146191490
1145414332
385280368
80456728
1171474215
662824126
916317843
1696890385
934343039
1139925995
1570496711
1567805116
457110386
649920632
1935619468
1809314398
544205102
105577016
1675479829
1472514890
91493928
1915268746
286076103
1856943731
320400460
2020354266
154448668
1994613131
1160130697
499071097
1906785657
1372479590
674204545
2008804231
1182159486
2019482072
2009007446
839780712
2066922594
2046316043
733153643
539906527
1216088067
629081015
2121649319
465585683
79791782
667897317
1216079417
1937437099
886540812
127203304
1740591063
474605614
1624042097
1535954039
758831501
1113322185
1215020787
2145900564
1169169145
173490939
802430617
1234234200
1583408359
1358273525
1166025147
2135452217
935318156
1118846387
1187526881
343796969
155367703
1038777869
85378868
2044402681
244838822
2119315319
1933013036
2059002971
1492980556
465549751
173604080
1185123597
1313480622
303995927
550474240
1890192254
2126117702
504952053
1474536040
335551378
1323825227
2116980315
1984311828
943883363
1598013814
1223766608
2142314691
212493201
266394222
1703267561
938061711
996549108
57015712
1416622538
430407762
170437575
1340860457
345948441
1227941292
1006732587
696814095
688912439
377395225
545655680
1862690760
1160416203
1015899322
1336919812
1643994331
479193257
2017698529
2101997213
535473981
1272183138
698024717
882062667
611386774
889536290
2147416762
1267823679
334536915
1168376755
1963282308
1267111945
8012317
1283141482
4026135
1605275775
1286293276
1348317029
931670111
1085826992
2027534637
1434268909
1552264211
1480184373
863551419
1192083142
13261787
85476838
2106284592
1172581336
100055512
1777565763
545077927
2010282741
546744504
379979495
463470786
45164974
207140789
251403045
333446739
792782070
1314345671
341977304
1824903613
1865371894
998181202
1849479268
1075934395
1876912034
521718057
1988251139
355114649
1900325493
648627622
619218710
1199118820
1410681862
830774586
946825608
935321914
197065854
2092234004
1552637209
1631564272
366267663
356314040
317054641
1547211513
2105191274
830135890
1441937924
1997782035
510668947
1096766702
1663419882
872215569
2034870666
136174448
1177973816
1979583223
604419688
1870267891
1527867956
223855836
1083348810
759820864
1351292733
1646189270
960906338
1701067926
1055829542
71718904
213893709
86723497
985364488
2021496416
319625023
56751946
1716234656
469714862
1736400619
249167081
2018151198
1599131324
250033502
1302533485
2072317801
967226718
288388697
887443437
1367580467
1176033140
890943717
1614517741
692610178
1635846395
1668787280
565337420
52071446
1431766771
931900190
1252706033
612331326
2038773122
439561942
720700976
706748488
1563210870
523446013
1048068880
1951787969
1930727797
1420146491
582857937
1025477866
1721572579
2034889587
273374635
646285054
2059138969
2045426407
1862260930
1509758576
1388980848
901452122
1694563112
1724932161
1161910863
1080123010
1220077194
1409359919
1479818360
1551324069
414158509
1611305665
1845858852
674475296
689184969
1712227918
1368486109
2006085429
120368592
1789244179
313091241
1018114155
2027430564
1289216115
358850597
1188650730
1822192310
423821101
1249378715
1684682225
59807925
508442234
558035588
1302087722
2042707091
1544720228
1166895562
2028494684
513819771
710431597
1184138793
1935235505
1359616087
978220429
529472551
1380417254
1082775625
1151014515
1151695307
1879998658
446805356
1609109823
1610762167
2128788631
828045225
1517405244
145396290
6239860
643071888
1466419583
938886040
1783077644
2023448160
1649278879
1416156223
1429110032
1004618832
1395272670
465400195
1590836067
281062466
877134801
1371102887
444367222
1441639270
676457161
643250993
266007813
883965811
103086421
503507222
1573658838
1270655316
2104672755
1055046872
1812881464
1281096315
1999555260
1663924888
675368640
1742919763
1566757251
350557469
1699567134
104657865
962057100
1647173845
1735043268
1574191042
809150639
1336090398
1671438833
897666149
561306384
1413586898
1143720149
1447740839
2082979627
1762425850
1764929443
2057962492
53130614
74602845
1160341559
435604359
468587542
1235376238
68799969
1830765534
207731010
491175155
67537771
1951573296
2096356308
2079272742
287995498
165631066
108360180
1319119482
141357233
105819351
1551070844
2134856580
761685019
1434713306
1889059526
1518337825
1761215766
915267594
2127699094
1779758572
1600346853
1475761984
586173857
687434470
559859880
1767173720
1265958398
1220977051
1482420092
1878950497
187504287
480248445
1056400425
1652327254
1271856117
1347183972
1898380487
587198753
362856132
1455878
1015410057
1334843978
1308897601
631150879
2120801817
2139177838
1237210617
1759370390
667664990
32123587
1751819907
1015942481
1342808061
544235255
1698926248
467646377
998592358
587766257
983839661
1702783833
855149435
1639584515
219804401
1358267535
325573417
1992992663
1266825893
1050149842
1575716028
1250880749
484502368
975043764
193024310
609958571
2044383832
2037713164
640680646
714197419
1784900052
649481540
843080808
1642688041
728178501
259932104
185640311
28788759
372850483
1172765670
295862297
1483994430
1941495045
1092976980
1048142355
389078875
109218800
1592383066
1260997862
1437549248
1772573786
674861099
1196345466
2126601761
663379996
959737149
780695943
702320350
1499280015
789312847
646836476
1490366205
1308555371
1125568294
1099550035
733403676
308073091
718787314
1244610664
123464503
2032930222
1329890041
712331836
316344067
175055240
482768428
1507609391
1898058586
493312172
887738277
1460116601
1286230640
948412870
493090159
776272645
888219956
2130062974
121640742
592788431
785251740
1129405733
296762534
1525867059
966088184
1487955006
764377950
331800543
355905180
2047680299
1253379957
1807695017
412331882
728077605
1897047238
1740565436
862261926
1121092648
488683925
30838337
1667792761
600629330
246139068
1209099086
829996012
1163799589
1929174236
490299339
1288359354
926776877
806395426
389306803
1876687086
428747643
1896370223
397971296
1079180575
620117879
59892989
1006536626
237393805
1577284068
1434231295
1523765042
197999293
125782143
1449752632
1376577568
797082523
1867450259
1536242901
1242167724
1321024560
1748935275
968627401
835182958
1734683816
427173206
1618951169
2058236329
1345374345
139104563
2077256154
829349969
999729503
1074687391
1233335608
706690647
1293519957
1534850574
1565071557
1141719017
774659794
378053596
1556316670
2096297483
1569509385
1238850845
1146300340
460100731
1508780913
465733968
2086042273
75173888
1825579806
1750463211
443917608
439363801
176696483
417016258
574559666
889076803
2089776107
1992010816
537132036
806824560
563356136
1426420841
488611366
896558765
295332262
1716426299
1278885431
1094413241
736502887
1443820242
526898555
998172157
21238822
2061991979
2138512889
1418247713
1027996444
1808385907
2129472690
1423454874
548382228
1938343361
1762161491
1051418708
1632620825
1766749838
492739078
1953947924
2079284604
909083543
1789866622
613311510
600544283
437624586
744652896
1233968418
2046976459
2045202134
1391990314
807539660
1030356381
1758317840
1719088590
507377328
966581351
367768326
1442245789
1065629438
1591584580
1118090404
412303427
1936883172
66450610
856128144
460382593
1775062033
97076589
1205910758
169889540
1475076342
299830008
1623778346
737992009
1033432266
560338952
1732460215
671130911
6937654
1908330360
931172285
621442551
1831543118
1372784825
531487561
1121740822
564223809
1972322937
1924093224
1077609580
711072728
689282066
2028737356
325241722
1871871710
1787850340
503173561
619279128
1560077209
1866360739
1333074833
1026837033
102879998
1256797871
476576604
1189093990
201539011
908708632
1315316085
927414520
2092498293
1315392714
1338267279
1841293853
2010368759
858399299
631366175
1695335655
1551414319
1945147208
644217526
1509893055
742198024
893705432
992860797
1848618004
721132039
1678010953
1197655672
331355043
41047446
653936395
467332910
1765265786
1653991400
583359499
1894233636
989852045
461121957
174261175
1234494707
974622441
1829650048
758509249
651935724
1226788959
1006893486
1787527403
17749369
1467192537
1681733569
628722198
1499671747
436198738
1611045710
247506149
1568854106
908679084
973779406
939320591
1614494884
1293449373
563485807
1288684701
1684292612
380544468
1175380229
934183715
529347703
1599478524
1747723359
535063003
1381594065
1656004312
1777964967
255451309
149921608
674073484
598268065
714236178
1734700691
1091315517
113733656
419736248
2143813789
1627562725
1940733172
1092197295
1158466506
958894790
300764988
166425995
1952101787
806289441
938062419
1325943377
392878359
1837368881
733564692
1258340988
1079195803
664086537
508409312
1012995859
850167287
1886834368
713546937
1858239200
1713994868
1702926731
1330399313
11360523
1777902745
542926513
1888672915
1757605069
766026499
986754383
408126269
249520285
85206769
1997502413
1046836575
1467314242
510464523
935777901
249271509
443940860
1830235082
1131888081
1633728613
1338628135
368458187
101488671
837097980
2008273823
1237446959
1464593461
1935492639
1705129439
1458540454
433636569
1626278704
2080466517
1690001238
472166292
1557448492
1190904787
1907204198
1976072213
1509324727
1204204186
167605711
1844052927
1924047126
261275769
66397221
1107660582
746804768
491956184
1097813405
1584925268
532071278
1911255839
1753448821
760765546
2008899904
1278947631
1143546269
955674478
2105597010
1069515195
833279269
516708664
1902436597
909577865
628531405
873046078
807022528
452387861
584295562
532183235
1010308724
1558324846
1958598232
39259466
1330172924
75062022
35064208
449453194
1957539361
1481549483
746652743
45245235
1583893820
395677259
1963686748
1626921387
602774505
69335111
55217351
760094325
1088978473
1418829919
914018241
470469545
451538436
667280308
152056235
968908656
1868109571
2069807543
748136940
1683330791
1816883136
764231037
126065531
312991502
6366298
1231666276
210195467
1130819792
974425012
686624929
789997697
767996557
847092351
1282302384
439246922
790555025
165974125
1821335720
1921179579
859024073
1264527776
1455634540
1141504014
980947212
119084038
1010812115
954865840
2038346021
760396556
2095409383
135242886
2135129142
890823765
571765272
1479055497
568385805
1631443620
165892169
922856381
699336484
1643861417
506395999
1922996002
1879982617
680723868
809093489
1968947918
408614382
957956738
1250822967
869539410
1573312255
663939337
254902234
657011675
1456828685
805572416
1544416668
1737506242
1829219665
1388852301
957806938
405508145
770465468
1131820773
598584423
1809877634
195075577
868788530
724552594
528594592
367885572
663687403
1143381313
1939126889
1710789836
372210776
1717652499
95318319
1677188725
512964796
2007453129
18023156
1541891524
1011074848
27835966
484762500
294180688
1920218362
1091960302
357404485
260267154
249846435
1415478646
1328749783
2090382731
1785863430
106526734
1159100662
1320196893
765040238
1613207633
2144749520
1109500633
1716855428
598579373
1857165454
1968468180
1990800175
1177774063
279746121
1906492081
1547566681
749241987
1760960917
963272246
963074731
1854894448
1643840514
1207513128
395471394
1646875007
1403485591
1802237872
1540008524
775279920
279560338
744034232
1820711871
144621080
1547196589
1909954568
524807359
1281635478
399597105
542771983
1028543883
1631363952
1242382067
1775891109
1652894675
492071462
90121885
1383482167
2041147156
270756685
2022542567
5668027
426462069
114719860
1324760822
321697914
1814634024
365183003
1024100012
971551806
173398544
549323595
2141947529
935235278
1097207965
2060245446
931944784
870091447
159665351
1575165191
1978651072
766216558
1645418934
213306770
1952908049
1405170608
1299359269
1259956574
504653399
659262130
863845441
382224788
661182169
1005448753
1888117982
1670118520
526671822
684169999
2069581698
857105847
628502046
1538426231
386721099
1310449547
1601937758
1307401364
399882020
1571657210
443694026
769700502
56860455
1768759514
166509897
1275638728
22013603
1334599118
1649712917
1658716500
368183090
1630320427
374370507
375472762
2002399661
561230985
1256910453
88931480
784251524
1471104810
378420334
1480874395
1800303209
1959993084
1383123593
1516083150
1838214861
623169333
652612603
180157523
1709977605
1639858805
269824416
1549491102
1237549723
1122260823
1684476180
616772846
474372823
1758002722
1877766008
1886353118
552409466
1946746130
253354739
847252753
704266359
1714607934
1499479914
28270705
1070294797
1066768965
2080645296
1253396317
997073581
1230632906
200816102
1654330021
2079714478
131640064
958725782
2142001458
899259608
244155733
340341656
1517653165
1633218938
965857760
1740167713
527348465
561343352
303420391
1606547756
581186323
926084273
452414618
839672383
283342350
492499294
343193855
1387798100
565616376
702938189
814334597
2098404664
1677040136
1942374293
1676439008
2113919926
489458804
1995071646
457344330
1810308579
2127918924
578753589
1431061673
1892982605
941428269
1382650026
1362966807
1774532770
181246038
1363962335
1032190152
1301980376
342247715
188549006
964019527
1826405414
555267662
1871263345
1771608260
427890206
34986858
2043415498
2099186417
257387159
1924375945
981376376
182418328
2082237177
285833652
232835966
213187483
412421254
1615089421
1951340748
927234755
918532659
322434083
182091336
1229530989
1415659196
131034490
1099298924
417087661
1708224282
451828728
471187294
86815618
360783472
1309402394
33519658
1873677791
1515219135
1419055236
1682864351
1613544234
1132843530
649510385
552933715
1792886025
253588439
212443885
1841739225
2115231782
686291331
1799193544
60442794
2064084887
1741840186
862421762
1661339120
481584485
1866812653
75558941
1365303384
766078593
2059742272
1067673427
1230213701
69357657
2084506104
1946328355
746214612
325065469
717886131
957612140
1992265909
1406781441
1765548836
978245125
648390945
2040789863
1502477420
1319045031
1106667248
85397128
511849494
825813121
563985472
1143824826
749596136
1341858650
654778508
1223094234
2057316413
440899507
713245755
81052120
1437878281
1726453947
1708128902
1873952382
1555330437
319477661
1605697972
1140958184
1700888936
1198766938
1549228296
933731191
1347046574
1062250702
1584678424
1770752276
1969533038
572524711
2002470586
1436906195
2034675819
969319953
937509484
1067016470
1370648177
1724874734
1355032329
379914048
952847703
1078508991
156821880
1401155188
159061169
1395315936
1155744060
444853882
2106793451
791166907
1541016238
998211078
2014020552
1695818857
1255510589
1462467593
1492665760
623092609
2103153690
1373816786
1707753208
1597751262
580348616
186844693
1656619757
469574814
1852127478
1749670677
1987144357
1343106425
1481094789
1681843685
584235986
1663926258
776449733
635536441
1267029127
712917085
1213102404
700752384
1680039337
1329695185
796959202
1413960750
958110721
559870568
382511701
358637839
2045715352
90236507
1415776779
61013501
1243089365
1064680701
855197301
570787985
430808280
652564133
589909072
644516215
1664986378
226092995
1460392076
1362203260
801022134
1525085308
584114100
776037302
1492139686
1403138023
1830977533
472362484
2089478190
1750073060
1225437180
2048585731
333339900
2041830132
1892987357
460551877
1304983229
1814226530
703256511
1752030316
1540734783
1125826728
242992231
1165062391
33420703
965192233
1308370460
374463007
961390269
593439881
759152196
1576967189
423191559
79210514
1054786316
1986474161
12771495
120277788
385012765
1648902703
1401352570
372892323
784966633
338103510
515964267
306767966
1813735564
37918548
1526806993
1614598435
684728771
1102921871
2050536560
879021444
1610061910
320741573
1832788612
1255341044
421413938
1403611363
464831287
24800535
2004826534
309828625
121463703
128994011
200216111
1520666541
732110846
1816655090
155118803
2037220451
969845446
103428283
837342879
2143541747
2025270941
1750187821
2126428200
1096009107
1223871973
1873685868
1441430072
1268110384
2127160697
2093653044
932594210
715663651
144053930
832907963
1267250942
696683995
1056569790
1883212734
1732902885
181746368
142106230
135384147
320488246
205884481
276275729
1801446657
1517790803
640971934
224020523
1597800541
1186800418
1191688861
764865086
834023093
824804286
1626465336
870789097
207844176
1947631666
1382568138
1031428177
238649576
1669461687
1964824078
1682549368
1108092027
188466096
247467120
770283898
1784347509
1422864247
2089869509
1371523431
1190067123
302735097
1239045710
299477478
1488332271
484450565
653626474
1064593025
554915945
1599785097
1006367970
136082014
2129290106
2091633178
886018893
1426719644
577268309
462460426
421419807
565945976
1827919490
218150642
557898739
1570664512
1137913004
481546546
562017179
351127105
1845319291
331482531
2130324931
2024811284
898080652
1430238313
21007160
1577261670
1828804683
292576300
1527970983
1724677568
465524927
2134404226
2024003939
654470438
1680857709
1595113963
1035517364
1675373887
1541542946
764915525
884020967
2053582068
1447316566
1727300942
925293521
1651490782
2103621
1039968387
904699690
885639233
1084650760
120016607
1249062999
1355984845
617408089
1777128675
1280317592
1142158434
1578265214
1593083854
991343256
1286308700
1234274652
1533337059
497271512
551376885
1826206310
426744032
446245830
1206270328
1951479186
1367109940
1012096844
1615774162
839415702
23369479
1414991090
1218939900
1118632892
1833801110
933790735
367870404
2033856239
493444259
5033825
346128152
1747243239
1325241159
1670871003
1091873142
487110885
2078932881
2009355359
691513375
850179270
90529569
732871093
1310215215
2133521343
1962935830
1538340906
175844849
1064904445
62116496
436115870
818570039
1109942360
493351820
1437734797
1514895386
1416987533
609293561
931060804
1212917279
978870009
238882969
448867070
374764138
1737580148
2095655513
1262031783
1236650134
916713006
1946418379
569129698
257978410
4345494
1971306224
1060022257
382747750
832978336
798182140
615676641
10342180
1072860051
1255820298
931239564
1831737648
1771255114
742433058
267262639
1052552205
1234326172
1208157173
2063592248
829931759
264535932
801528230
2106317209
1625561736
161435597
1966778626
475628159
1183022662
951409298
1773784814
47308815
1674095105
1359583177
2125395590
1870774176
890398285
885456249
122223443
1149020344
2104567698
1055232131
650269886
486764480
1224482370
1353778723
1971409855
556506445
1543829552
145760911
580900130
2023244331
1767415802
1128089073
1039443240
1301921364
1007357698
2008808077
1709042119
773655159
1880729016
1891673580
2017599698
1975273582
2039697164
506451940
1735892939
798573628
1745371533
150358051
2033891933
498381954
892397818
2143890933
1919005499
1118728783
1447383461
1336295175
421773211
2078929857
942099509
1420636793
1239315097
1255321546
678388194
1522393644
988744274
374995630
90123895
622195121
805265659
2123929952
2102883769
680938017
1020321018
1092822923
605946404
1669442155
172955352
1086488002
52275376
1679921296
1599324339
396634458
261057316
1421951023
1861141521
95763847
2142273625
52125122
1201747533
554758128
670507054
355747699
1652894780
1908112425
1368092105
1681543651
620826796
1579185622
1719244314
2027096384
2025177848
934918313
1432785605
927089901
821972642
165064050
1250995949
602654193
1060534116
610917579
788703385
401130477
707011750
1461615459
1487807328
1586713199
561088413
1003772009
1665008637
89040827
2042471559
936359524
15472357
1838776271
1492282171
1387997008
570997199
348204322
481259987
251677371
764369299
657649650
2041437568
1268711900
236823563
386338639
281201598
1611148528
576134232
1506846438
240964624
1190590466
2072623384
812626166
1819314378
1666543992
1975275756
533223643
694182174
143546326
771409862
1281215017
1856082153
186146848
1022447888
1129992279
1643996163
1280630377
629797591
598439175
169152639
1638666483
109408367
2027388479
890791627
1062963325
1362022711
1892856769
509305557
1813286873
947198706
535647022
1275621813
970088403
14386879
918775706
352783396
1813376965
973612905
1563128519
798448781
1988017467
804245291
491052158
841325424
54025123
220748824
1919247734
1042232141
1732990712
209706131
911068961
1925299275
92145979
1041138057
1165760795
2122362661
470664148
559295059
279981830
1013895370
876202812
1658426283
1167071431
1292157339
1460417559
1713144187
1400907941
1574891274
344080137
2060577394
1868632182
745913961
1328416451
237297811
347551106
655195179
2032283988
708198899
667322539
741576944
2064855274
1117735219
400373189
1900085191
867469857
1911996293
1996319079
949501944
497143141
541206927
438240598
550832215
371632766
1670388144
1856061411
1876336691
863385717
448125913
394277734
1220731471
605429891
732004770
1531426874
1367558285
2000817585
1503877140
1688987241
754654297
1602001486
453765082
1124732934
810234373
1518631149
1040300785
317610152
1317820123
1678508510
2071587612
299062416
148319840
580605985
1566439562
1594689993
360158990
1929447957
1724164149
641265249
2010250916
80853149
1475097603
854616182
146735839
574381406
516851355
1200282264
666809624
1514110924
867126883
496701070
2114420555
971192057
787123716
194212318
122581082
374324990
1137790837
465504618
562482597
88710875
1773466818
1396436455
134405550
344786556
384913448
145567669
1068292995
1984060039
1675789067
93419063
1113028468
922576759
172232263
338841050
2021930330
2051283783
19025587
767145882
1459840088
349614634
1373823972
1622171258
63259966
357587115
1631927252
967292491
368398140
601515674
1558018692
1496921783
286441224
1957681055
2061447066
1763782603
896538106
1843164438
889142720
117318081
1408868645
1573865617
1351123998
601019744
611014706
503231840
2109676890
1370854617
1181909338
1635062756
403446624
1335013379
1628170019
1825954496
961454583
206116901
2119813897
1948344189
171610391
1729591017
1145098691
1610745538
1079588154
1515849389
1937361995
85673052
734560503
2055040331
1522698736
883172219
935444630
2123319814
1232125982
1346462160
231396535
392548735
653668002
147518968
1846315066
653269142
1640949311
266825436
935396155
926768822
1483307216
1307099157
1473757542
960077466
1517074615
1563447518
1586004760
1879831297
1253124144
1037089925
988578009
139123359
1787800578
219937790
964659576
2146655477
2129892915
1570791297
1855124349
981208067
294329858
1148038777
304075410
1820385799
766134550
818994776
1084061101
192425863
1049861435
362041447
942058248
1829026768
638775438
1504515722
1594758227
1839303463
284112565
717490163
1026425739
2040193391
114345837
2115607218
25070799
1450305457
477531127
1066811758
1260158565
394732676
463126748
801802695
1066903453
88347641
927988264
934337485
658538061
917910461
617553917
1602620103
842192236
2099801353
1606304938
125697440
1496804334
1544981355
391633532
176614995
2067833408
818350066
1796979225
1132285578
1820114535
1953139331
1177522401
572364030
1196319573
1104724196
1792366688
175096901
211790523
1772864885
913367729
1733110283
439213265
276061769
1381458882
384022254
197848135
1744518154
820069581
1189561689
1597877952
1003674180
1758901268
1885082883
456186378
368332291
1876878595
736737579
789593487
1144702270
1218347709
135574241
